Museum Name,City,Region,Continent,Address,Coordinates,Year of Establishment,Notable Items,Audio-Visuals,Webpage,Wiki-page,Contact,Remarks,Port
Ballina Naval & Maritime Museum ,Ballina,Australia,Oceania,"Regatta Ave, Ballina NSW 2478, Australia","-28.872476576602864, 153.566092583072",1979,,,https://ballinamaritimemuseum.org/,https://en.wikipedia.org/wiki/Ballina_Naval_and_Maritime_Museum,info@ballinamaritimemuseum.org,,
Gladstone Maritime Museum,Gladstone,Australia,Oceania,"60 Flinders Parade, Gladstone Central QLD 4680, Australia","-23.832716409878447, 151.25429226816294",1988,Navy boat,,http://gladstonemaritimemuseum.org.au/,,http://gladstonemaritimemuseum.org.au/contact-us/,,
Jervis Bay Maritime Museum,Huskisson,Australia,Oceania,"Woollamia Rd, Huskisson NSW 2540, Australia","-35.032849771455176, 150.668195391536",1988,historic c1911 Lady Denman Ferry,https://youtu.be/j9LMlgIHd_w,https://www.jervisbaymaritimemuseum.asn.au/,,enquiries@jbmm.asn.au,,
Australian National Maritime Museum,Sydney,Australia,Oceania,"2 Murray St, Sydney NSW 2000, Australia","-33.86923641899832, 151.19866498426225",1991,,https://www.youtube.com/channel/UCsYyx10-hRLipjic7ikE13g,https://www.sea.museum/,https://en.wikipedia.org/wiki/Australian_National_Maritime_Museum,info@sea.museum,,
Maritime Museum of Tasmania,Hobart,Australia,Oceania,"16 Argyle St, Hobart TAS 7000, Australia","-42.88201624253203, 147.33378186719997",1974,,https://youtu.be/Z3WJpxAot3A,http://www.maritimetas.org/,https://en.wikipedia.org/wiki/Maritime_Museum_of_Tasmania,admin@maritimetas.org,,
Maritime Museum of Townsville,Townsville,Australia,Oceania,"42/68 Palmer St, South Townsville QLD 4810, Australia","-19.258530355665908, 146.82672095820794",1986,,https://www.youtube.com/channel/UCxKo4wFLB9bII6N3pABL4jA,https://www.tmml.org.au/,,info@tmml.org.au,,
HMAS Castlemaine,Melbourne,Australia,Oceania,"Gem Pier, Syme St, Williamstown VIC 3016, Australia","-37.860554931561545, 144.90658622222398",1973,Museum ship,https://youtu.be/WT2aDvMsZF8,https://hmascastlemaine.org.au/,https://en.wikipedia.org/wiki/HMAS_Castlemaine,hmascastlemaine@dodo.com.au,,
Seaworks Maritime Museum,Melbourne,Australia,Oceania,"82 Nelson Pl, Williamstown VIC 3016, Australia","-36.28600465368674, 145.43418774721064",2011,,,https://seaworks.com.au/,,events@seaworks.com.au,,
Polly Woodside Maritime Museum,Melbourne,Australia,Oceania,"21 S Wharf Promenade, South Wharf VIC 3006, Australia","-37.82432867351596, 144.95377957458305",1968,Museum ship,https://youtu.be/QMBinhTUnFc,https://www.nationaltrust.org.au/places/polly-woodside/,https://en.wikipedia.org/wiki/Polly_Woodside,bookings@nattrust.com.au,,
Bay Steamers Maritime Museum,Melbourne,Australia,Oceania,"Shed, 2 N Wharf Rd, Docklands VIC 3008, Australia","-37.818545228424256, 144.93533127671998",1997,historic ships,,http://baysteamersmaritimemuseum.org.au/index.php,,wattle1933@gmail.com,,
Port of Echuca Discovery Centre,Echuca,Australia,Oceania,"74 Murray Esplanade, Echuca VIC 3564, Australia","-36.1192498356868, 144.74914081323197",,Port Echuca,https://www.youtube.com/user/PortofEchuca,https://www.portofechuca.org.au/discovery-centre/,,enquiries@portofechuca.org.au,,
Queenscliffe Maritime Museum ,Queenscliff,Australia,Oceania,"Maritime Museum, 2 Wharf St, Queenscliff VIC 3225, Australia","-38.264015051924886, 144.66873055238398",1986,The Queenscliffe,https://maritimequeenscliffe.org.au/qmm-videos/,https://maritimequeenscliffe.org.au/,https://en.wikipedia.org/wiki/Queenscliffe_Maritime_Museum,info@maritimequeenscliffe.org.au,,
Flagstaff Hill Maritime Museum and Village,Warrnambool,Australia,Oceania,"89 Merri St, Warrnambool VIC 3280, Australia","-38.389343560014176, 142.48561975317133",,shipwrecks,https://www.youtube.com/watch?v=tP446YUA72o&list=TLGGSXmqRZJ8Gb8yNTAyMjAyMg,,https://en.wikipedia.org/wiki/Flagstaff_Hill_Maritime_Village,,,
Portland Maritime Discovery Centre,Portland,Australia,Oceania,"Portland VIC 3305, Australia","-38.34590967087417, 141.60806459364613",1998,1858 Portland lifeboat,,https://www.visitportland.com.au/maritime-discovery-centre/,,portlandvic@glenelg.vic.gov.au,,
Victorian Maritime Centre,Crib Point ,Australia,Oceania,"220 The Esplanade, Crib Point VIC 3919, Australia","-38.34871642637251, 145.21563926442175",,Submarine HMAS Otama,https://www.youtube.com/channel/UCWE6LkkmLKmnuHGRiJm5Dhg,https://www.maritimecentre.com.au/,https://en.wikipedia.org/wiki/Victorian_Maritime_Centre,rosey@aussieland.net,,
Port Welshpool & District Maritime Museum,Port Welshpool,Australia,Oceania,"12 Turnbull St, Port Welshpool VIC 3965, Australia","-38.69721186187083, 146.46686419047998",,History of Port Welshpool,,https://portwelshpoolmuseu.wixsite.com/portwelshpoolmuseum,,pwmmuseum@gmail.com,,
Port Albert Maritime Museum ,Port Albert,Australia,Oceania,"78 Tarraville Rd, Port Albert VIC 3971, Australia","-38.671369603741546, 146.69357154153963",1976,,https://youtu.be/R0h2kNOMjCM,https://portalbertmaritimemuseum.com.au/,,portalbertmaritimemuseum@gmail.com,,
Queensland Maritime Museum,Brisbane,Australia,Oceania,"412 Stanley St, South Brisbane QLD 4101, Australia","-27.480748423971225, 153.02804985926394",1971,,https://www.youtube.com/channel/UCfh8AyQn60-tHfAxxMQNv5Q,https://maritimemuseum.com.au/,https://en.wikipedia.org/wiki/Queensland_Maritime_Museum,info@maritimemuseum.com.au,,
South Australian Maritime Museum ,Port Adelaide,Australia,Oceania,"126 Lipson St, Port Adelaide SA 5015, Australia","-34.84247206491843, 138.51029912699195",1986,,https://www.youtube.com/user/SAMaritimeMuseum,https://maritime.history.sa.gov.au/,https://en.wikipedia.org/wiki/South_Australian_Maritime_Museum,maritime@history.sa.gov.au,,
WA Maritime Museum,Fremantle,Australia,Oceania,"Victoria Quay, Peter Hughes Dr, Fremantle WA 6160, Australia","-32.054185379055745, 115.74187072063994",1979,,https://youtu.be/fIAyTKO7s9Y,https://visit.museum.wa.gov.au/maritime,,reception@museum.wa.gov.au,,
WA Shipwrecks Museum,Fremantle,Australia,Oceania,"47 Cliff St, Fremantle WA 6160, Australia","-32.05633577829846, 115.74482305185595",1979,,https://youtu.be/-0o9pL7IIHg,https://visit.museum.wa.gov.au/shipwrecks,,reception@museum.wa.gov.au,,
Whyalla Maritime Museum,Whyalla Norrie,Australia,Oceania,"Lincoln Hwy, Whyalla Norrie SA 5608, Australia","-33.018539341577444, 137.57758075132793",1988,Museum ship HMAS Whyalla,,https://www.whyalla.com/tours?searchby=tour,,visitor.centre@whyalla.sa.gov.au,,
Sydney Heritage Fleet (Sydney Maritime Museum),Sydney,Australia,Oceania,"58 Pirrama Rd, Pyrmont NSW 2009, Australia","-33.867584350427116, 151.19847350701423",1965,historic vessels,https://www.youtube.com/channel/UCwJnDU1YhKhwORJaqSOhvEQ,https://www.shf.org.au/,https://en.wikipedia.org/wiki/Sydney_Heritage_Fleet,info@shf.org.au,,
Maritime Museum Spitz,Spitz,Austria,Europe,"Auf der Wehr 21, 3620 Spitz, Austria","48.36042705634119, 15.402322852383973",,,,http://www.schifffahrtsmuseum-spitz.at/,,info@schifffahrtsmuseum-spitz.at,,
Seafront,Brugge,Belgium,Europe,"Vismijnstraat 7, 8380 Brugge, Belgium","51.33371211178742, 3.2052509359839556",,Maritime theme park,,http://www.seafront.be/,,info@seafront.be,,
NAVIGO - National Fisheries Museum,Koksijde,Belgium,Europe,"Pastoor Schmitzstraat 5, 8670 Koksijde, Belgium","51.117455781752845, 2.686073466088169",,,https://www.youtube.com/watch?v=c9iI0Inj7Ok,https://www.navigomuseum.be/en,,info@navigomuseum.be,,
Brunei Darussalam Maritime Museum,Kota Batu,Brunei,Asia,"482 Jln Kota Batu, Kampung Kota Batu, Brunei","4.882648833056851, 114.96870346137418",2015,Ship wreck,,http://www.museums.gov.bn/Theme/Home.aspx,https://en.wikipedia.org/wiki/Brunei_Darussalam_Maritime_Museum,info@muzium.gov.bn,"https://en.unesco.org/silkroad/silk-road-themes/underwater-heritage/maritime-museum
https://en.unesco.org/silkroad/content/did-you-know-brunei-maritime-silk-roads",Muara Port
Naval Museum ,Varna,Bulgaria,Europe,"bul. ""Primorski"" 2, 9000 Primorski, Varna, Bulgaria","43.20094377230941, 27.92308826770082",1923,,,http://www.museummaritime-bg.com/index-en.html,,vmmvarna.pr@gmail.com,,
Maritime Museum of Douala,Douala,Cameroon,Africa,"1588, Douala, Cameroon","4.039388557607991, 9.686773128551648",1986,,https://www.youtube.com/watch?v=_KP2ceXrxBY,http://museemaritime.cm/fr_fr/,https://fr.wikipedia.org/wiki/Mus%C3%A9e_maritime_de_Bonanjo,,,
Hong Kong Maritime Museum 香港海事博物館,Hong Kong,China,Asia,11 Man Kwong St,"22.287830341731524, 114.16813556344043",2005,Wide range from historical relics to modern tech,https://www.youtube.com/user/HKMaritimeMuseum,https://www.hkmaritimemuseum.org/,https://en.wikipedia.org/wiki/Hong_Kong_Maritime_Museum,info@hkmaritimemuseum.org,,Port of Hong Kong
Maritime Museum 海事博物館,Macau,China,Asia,"1 Largo do Pagode da Barra, Macao","22.186299761836867, 113.53237579179671",1990,,,https://www.marine.gov.mo/subpage.aspx?a_id=1432277593,https://en.wikipedia.org/wiki/Maritime_Museum_(Macau),info@marine.gov.mo,,Port of Macau
Quanzhou Maritime Museum 泉州海外交通史博物馆,Quanzhou,China,Asia,"China, Fujian, Quanzhou, Licheng District, Quanzhou, 泉州开元寺 邮政编码: 362001
425 Donghu St, Fengze District, Quanzhou, Fujian, China, 362008","24.910109675794995, 118.61155128571899",1959,Maritime antiquities,https://www.youtube.com/watch?v=VRYtkP3dLns,http://www.qzhjg.cn/html/index.html,https://en.wikipedia.org/wiki/Quanzhou_Maritime_Museum,qzhjgbgs@163.com,2 locations (old and new building sites established in 1959 and 1991 respectively),Port of Quanzhou
Guangdong Maritime Silk Road Museum 海上丝绸之路博物馆,Yangjiang,China,Asia,"HVFF+3H3, Jiangcheng District, Yangjiang, Guangdong Province, China, 529536","21.57374545384931, 111.87632625923877",2009,Nanhai 1 shipwreck,"https://youtu.be/b9QzXRjfajw
https://news.cgtn.com/news/3449444d78494464776c6d636a4e6e62684a4856/share_p.html",https://www.msrmuseum.com/,https://en.wikipedia.org/wiki/Maritime_Silk_Route_Museum,,https://en.unesco.org/silkroad/silk-road-themes/underwater-heritage/guangdong-maritime-silk-road-museum,Port of Yangjiang
National Maritime Museum of China 国家海洋博物馆,Tianjin,China,Asia,中华人民共和国天津市滨海新区中新天津生态城滨海旅游区,"39.1538950213839, 117.78932888305488",2019,,https://gs.ctrip.com/html5/you/article/detail/11741918.html,https://www.hymuseum.org.cn/,https://zh.wikipedia.org/wiki/%E5%9B%BD%E5%AE%B6%E6%B5%B7%E6%B4%8B%E5%8D%9A%E7%89%A9%E9%A6%86,,,Port of Tianjin
China Maritime Museum 上海中国航海博物馆,Shanghai,China,Asia,"No.197 Shengang Avenue,Lingang New City,Pudong New District,Shanghai China 201306","30.89791150190091, 121.92322205817102",2009,Maritime relics,,https://www.shmmc.com.cn/English/index,,,https://en.unesco.org/silkroad/content/china-maritime-museum,Shanghai Yangshan port
C.Y. Tung Maritime Museum 董浩云航运博物馆,Shanghai,China,Asia,"China, Shanghai, Xuhui District, 华山路1954号 邮政编码: 200052","31.20126339315302, 121.43282740556884",2003,Maritime relics,,http://www.maritimemuseum.sjtu.edu.cn/index.php#,https://en.wikipedia.org/wiki/C._Y._Tung_Maritime_Museum,abliu@sjtu.edu.cn,,Port of Shanghai
Zhenghebaochuan Ruins Park 郑和宝船遗址公园,Nanjing,China,Asia,"Gulou, Nanjing, China, 210036","32.060391014924804, 118.73182696084034",2005,Zhenghe treasure boat model,,,,,https://baike.baidu.com/item/%E5%8D%97%E4%BA%AC%E9%83%91%E5%92%8C%E5%AE%9D%E8%88%B9%E9%81%97%E5%9D%80%E5%85%AC%E5%9B%AD/10127888,
China Port Museum 宁波中国港口博物馆,Ningbo,China,Asia,"Chunxiao Blvd, Beilun District, Ningbo, Zhejiang, China, 315830","29.757897330661315, 121.91007039152746",2014,Maritime relics,https://www.bilibili.com/video/BV1To4y197wx/,http://www.portmuseum.cn/index.shtml,,info@marine.gov.mo,,
Baiheliang Underwater Museum 白鹤梁水下博物馆,Chongqing,China,Asia,"Bingjiang Road, Fuling district, Chongqing, P.R.China","29.713018731587606, 107.39321762961936",2009,Carved stones,https://www.youtube.com/watch?v=aEeiYGJUafA,http://www.cqbhl.com.cn/,https://en.wikipedia.org/wiki/Baiheliang_Underwater_Museum,,http://www.unesco.org/new/en/culture/themes/underwater-cultural-heritage/about-the-heritage/underwater-museums/the-baiheliang-underwater-museum/,
Zhenghe Maritime museum 郑和航海馆,Fuzhou,China,Asia,"Changle District, Fuzhou, Fujian, China, 350216","26.025159638537268, 119.51220454496293",2004,,,,,,https://baike.baidu.com/item/%E9%83%91%E5%92%8C%E8%88%AA%E6%B5%B7%E9%A6%86/4507867,
China Shipping Heritage Museum 中国船政文化博物馆,Fuzhou,China,Asia,"7 Zhaozhong Rd, Mawei District, Fuzhou, Fujian, China, 350201","25.98450472276399, 119.45153783809197","2004, renovated and reopen in 2022",Maritime relics,,http://www.czwh.org.cn/,,czwhglc@163.com,https://baike.baidu.com/item/%E4%B8%AD%E5%9B%BD%E8%88%B9%E6%94%BF%E6%96%87%E5%8C%96%E5%8D%9A%E7%89%A9%E9%A6%86/5147683,
The PLA Naval Museum 中国海军博物馆,Qingdao,China,Asia,"8 Laiyang Rd, Shinan District, Qingdao, Shandong, China, 266024","36.055273015365906, 120.32993063068709","1989, renovated and reopened in 2021",Battleships,,http://www.hjbwg.com/home,https://zh.wikipedia.org/wiki/%E4%B8%AD%E5%9B%BD%E4%BA%BA%E6%B0%91%E8%A7%A3%E6%94%BE%E5%86%9B%E6%B5%B7%E5%86%9B%E5%8D%9A%E7%89%A9%E9%A6%86,,,
The East Zhejiang Maritime Affairs/Folk Custom Museum 浙东海事民俗博物馆,Ningbo,China,Asia,"China, Zhejiang, Ningbo, Jiangdong Qu, 江东北路156号 邮政编码: 315041","29.872561266043473, 121.56272622789487",2001,Dragonboat shipwreck,https://www.bilibili.com/video/BV1RV41167nV?t=85.7,https://www.ningbo.gov.cn/art/2016/8/18/art_1229099807_52047707.html,https://en.wikipedia.org/wiki/Qing%27an_Guildhall,edit@ningbo.gov.cn,,
Hong Kong Museum of Coastal Defence 香港海防博物館,Hong Kong,China,Asia,"175 Tung Hei Rd, Shau Kei Wan, Hong Kong","22.282916899718668, 114.2380961745823",2000,Military structure,https://www.youtube.com/watch?v=iu_drdL48U0,https://hk.coastaldefence.museum/,https://en.wikipedia.org/wiki/Hong_Kong_Museum_of_Coastal_Defence,enquiries@lcsd.gov.hk,,
Zhongshan Warship Museum 武汉市中山舰博物馆,Wuhan,China,Asia,"China, Hubei, Wuhan, Jiangxia District, Zhijin Rd, 金口古镇 邮政编码: 430208","30.346450709817574, 114.1352833597726",1999,Zhongshan warship,,http://www.zhongshanwarship.org.cn/index.html,,,http://wlj.wuhan.gov.cn/zfxxgk/fdzdgknr/jgjj/zsdw/202008/t20200827_1437237.shtml,
Croatian Maritime Museum,Split,Croatia,Europe,"Glagoljaška ul. 18, 21000, Split, Croatia","43.50872496411801, 16.448104536133002",1997,,,https://hpms.hr/,https://en.wikipedia.org/wiki/Croatian_Maritime_Museum,https://hpms.hr/index.php/kontakt,,
Maritime Museum ,Dubrovnik,Croatia,Europe,"Walls of Dubrovnik, Ul. kneza Damjana Jude 12, 20000, Dubrovnik, Croatia","42.64040484230073, 18.113781052357552",1949,,https://www.youtube.com/channel/UClqZ6w0ibW2GpAvFa7h4MXg/featured,https://www.dumus.hr/en/maritime-museum/,,dumus@dumus.hr,,
Kyrenia Shipwreck Museum  ,Girne ,Cyprus,Middle East,"Aşağı Cyprus, Küpdemir Sk, Girne","35.34206039745078, 33.32617648148794",1976,Museum ship,,http://www.cypnet.co.uk/ncyprus/city/kyrenia/castle/shipwreck/,https://en.wikipedia.org/wiki/Kyrenia_ship,,,
Aalborg Søfarts- og Marinemuseum,Aalborg,Denmark,Europe,"Vestre Fjordvej 81, 9000 Aalborg, Denmark","57.05950637322516, 9.895049221695976",1992,,https://youtu.be/QwbWTipwffc,https://springeren-maritimt.dk/en/,https://en.wikipedia.org/wiki/Aalborg_S%C3%B8farts-_og_Marinemuseum,info@springeren-maritimt.dk,,
Danish Maritime Museum,Helsingør,Denmark,Europe,"Ny Kronborgvej 1, 3000 Helsingør, Denmark","56.0398250112243, 12.616893191535986",1915,,https://www.youtube.com/channel/UCNfb_4iO63WRtaVHl3VOiQg/featured,https://mfs.dk/en/,https://en.wikipedia.org/wiki/M/S_Maritime_Museum_of_Denmark,san@mfs.dk,,
Fisheries and Maritime Museum,Esbjerg,Denmark,Europe,"Tarphagevej 2, 6710 Esbjerg, Denmark","55.48994133552445, 8.41362795130004",1968,,https://www.youtube.com/channel/UCxYEaJa3DVz_55MXbJe2QJA,https://fimus.dk/en/,"https://en.wikipedia.org/wiki/Fisheries_and_Maritime_Museum,_Esbjerg",fimus@fimus.dk,,
The Frigate Jylland,Ebeltoft,Denmark,Europe,"S. A. Jensens Vej 4, 8400 Ebeltoft, Denmark","56.19965837957199, 10.675079229619374",,The original Danish wooden warship the frigate ‘Jylland’ of 1860,https://www.youtube.com/watch?v=o644AN02MFg,https://www.fregatten-jylland.dk/english/,https://en.wikipedia.org/wiki/HDMS_Jylland,info@fregatten-jylland.dk,,
St. George Stranding Museum,Ulfborg,Denmark,Europe,"Vesterhavsgade 1E, Thorsminde, 6990 Ulfborg","56.37355992969759, 8.120642905823967",1992,shipwrecks,https://www.youtube.com/channel/UCtCsKark4mfyxBNdtluTUEA,https://strandingsmuseet.dk/,,info@strandingsmuseet.dk,,
Danish Yachting Museum,Svendborg,Denmark,Europe,"Hal J, Frederiksø 2, 5700 Svendborg, Denmark","55.0586557209566, 10.620441481487944",,,,https://www.lystsejlads.dk/,,post@lystsejlads.dk,,
Marstal Maritime Museum,Marstal,Denmark,Europe,"Prinsensgade 1, 5960 Marstal, Denmark","54.85433431245549, 10.522524691007979",,ship models,https://www.youtube.com/watch?v=trnJMyP4jxo,https://www.marmus.dk/da/,,info@marmus.dk,,
Roedvig Shipmotor Museum,Rødvig,Denmark,Europe,"Havnevej 7, 4673 Rødvig Stevns","55.27109963319123, 12.386582435495644",1987,ship engines,,http://www.skibsmotor.dk/,https://en.wikipedia.org/wiki/Roedvig_Shipmotor_Museum,info@skibsmotor.dk,,
Viking Ship Museum,Roskilde,Denmark,Europe,"Vindeboder 12, 4000 Roskilde, Denmark","55.651525445257754, 12.083136351327955",1969,viking ships,https://www.vikingeskibsmuseet.dk/en/professions/education/educational-videos,https://www.vikingeskibsmuseet.dk/en/,https://en.wikipedia.org/wiki/Viking_Ship_Museum_(Roskilde),museum@vikingeskibsmuseet.dk,,
Nakskov Ship and Maritime Museum,Nakskov,Denmark,Europe,"4900 Nakskov, Denmark","54.83188978349427, 11.133294713231962",1996,ship models,https://www.youtube.com/channel/UC0QAnkPRi2psPSCBLWRl8Fw/featured,https://skibsmuseum-nakskov.dk/,https://da.wikipedia.org/wiki/Nakskov_Skibs-_og_S%C3%B8fartsmuseum,skibsmuseum-nakskov.dk@mail.dk,,
Aarhus Maritime Museum,Aarhus,Denmark,Europe,"Hveensgade, 8000 Aarhus C, Denmark","56.162695045377774, 10.221811276178778",2009,,https://www.youtube.com/watch?v=EvimWJmWugI,http://www.aarhussoefartsmuseum.dk/,,aarhussoefartsmuseum@live.dk,,
Estonian Maritime Museum,Tallinn,Estonia,Europe,"Pikk 70, 10133 Tallinn, Estonia","59.4425975914399, 24.749484102324804",1935,,,https://meremuuseum.ee/en/,https://en.wikipedia.org/wiki/Estonian_Maritime_Museum,info@meremuuseum.ee,,
Museum of Coastal Folk,Harjumaa,Estonia,Europe,"Nurme tee 3, Pringi küla, Harjumaa, 74011, Estonia","59.521236244947765, 24.80849558033825",1971,,,https://rannarahvamuuseum.ee/en/museum-of-coastal-folk/,,info@rannarahvamuuseum.ee,,
Forum Marinum,Turku,Finland,Europe,"Linnankatu 72, 20100 Turku, Finland","60.43756997620962, 22.23836251160651",1999,Vessels,https://www.youtube.com/user/ForumMarinum,https://www.forum-marinum.fi/en/,https://en.wikipedia.org/wiki/Forum_Marinum,firstname.lastname@forum-marinum.fi,,
Maritime Museum of Finland,Kotka,Finland,Europe,"Tornatorintie 99, 48100 Kotka, Finland","60.47266435563833, 26.949390165098215",2008,,https://www.youtube.com/user/MerikeskusVellamo,https://www.kansallismuseo.fi/en/suomenmerimuseo,https://en.wikipedia.org/wiki/Maritime_Museum_of_Finland,museovirasto.kirjaamo@museovirasto.fi,,
Rauma Maritime Museum,Rauma,Finland,Europe,"Kalliokatu 34, 26100 Rauma, Finland","61.128808228474924, 21.49549795154733",2004,,https://www.youtube.com/channel/UC_cFZQuHgVkTZENfHRwHaXw,https://rmm.fi/en/,https://en.wikipedia.org/wiki/Rauma_Maritime_Museum,info@rmm.fi,,
Åland Maritime Museum,Åland,Finland,Europe,"2 Hamngatan, Mariehamn 22100, Åland Islands","60.09779467860681, 19.927458968207223",1954,,,https://sjofartsmuseum.ax/en/,https://en.wikipedia.org/wiki/%C3%85land_Maritime_Museum,info@sjofartsmuseum.ax,,
La Cité de la Mer,Cherbourg-Octeville,France,Europe,"All. du Président Menut, 50100 Cherbourg-en-Cotentin, France","49.64638941113256, -1.618224280840364",2002,,https://www.youtube.com/c/LaCit%C3%A9delaMerCherbourg,https://www.citedelamer.com/en/,https://en.wikipedia.org/wiki/Cit%C3%A9_de_la_Mer,https://www.citedelamer.com/contact/,,
Musée national de la Marine in Paris,Paris,France,Europe,"17 Pl. du Trocadéro et du 11 Novembre, 75116 Paris, France","52.41989902846388, 2.4127531959272552",1827,,https://www.youtube.com/c/mus%C3%A9edelamarine/featured,https://www.musee-marine.fr/paris,https://en.wikipedia.org/wiki/Mus%C3%A9e_national_de_la_Marine,infos.publics@musee-marine.fr,,
Musée national de la Marine in Brest,Brest,France,Europe,"Château de Brest, Bd de la Marine, 29200 Brest, France","50.447769380208314, -4.442715532013858",1826,,,https://www.musee-marine.fr/brest,,brest@musee-marine.fr,,
Musée national de la Marine in Port-Louis,Port-Louis,France,Europe,"Citadelle de Port-Louis, 56290 Port-Louis, France","47.71142805755614, -3.3641705925912984",,,,https://www.musee-marine.fr/port-louis,,port-louis@musee-marine.fr,,
Musée national de la Marine in Rochefort,Rochefort,France,Europe,"1 Place de la Galissonnière, 17300 Rochefort, France","48.73886352869897, -1.1028717927604794",1936,,https://www.youtube.com/watch?v=-uDnpavESeA&list=PLUSXpU2CxgcwwY_0IpT8z48srXeC7J1cY,,,,,
Musée national de la Marine in Toulon,Toulon,France,Europe,"Place Monsenergue, Quai de Norfolk, 83000 Toulon, France","46.00160474476456, 15.244784404637574",1814,,,https://musee-marine.fr/toulon,https://fr.wikipedia.org/wiki/Mus%C3%A9e_national_de_la_Marine_de_Toulon,toulon@musee-marine.fr,,
Musée Mer Marine Bordeaux,Bordeaux,France,Europe,"89 Rue des Étrangers, 33300 Bordeaux, France","44.86799835105177, -0.5535505158707976",2019,,https://www.youtube.com/channel/UCWoZ0ddLbjXtW__Lv0Daf9Q,https://www.mmmbordeaux.com/en/home-page/,,https://www.mmmbordeaux.com/en/info-prices/#acces-tab,,
The Port Museum,Douarnenez,France,Europe,"Pl. de l'Enfer, 29100 Douarnenez, France","48.092785369308714, -4.332342992592006",1993,,,https://www.port-musee.org/,,https://www.port-musee.org/contact-us/,,
Dunkirk Harbour Museum,Dunkerque,France,Europe,"9 Quai de la Citadelle, 59140 Dunkerque, France","51.03836617012213, 2.3742403439199604",1992,ships and ship models,,https://www.museeportuaire.com/en,,contact@museeportuaire.fr,,
"Maritime, Fluvial and Harbour Museum of Rouen",Rouen,France,Europe,"Hangar 13, Quai Emile Duchemin, 76000 Rouen, France","49.445585148997004, 1.0620299978879626",1999,,https://www.youtube.com/watch?v=IzgcYIiyEe0,https://www1.musee-maritime-rouen.asso.fr/,"https://en.wikipedia.org/wiki/Maritime,_Fluvial_and_Harbour_Museum_of_Rouen",musee@musee-maritime-rouen.asso.fr,,
Musée de la Pêche,Concarneau,France,Europe,"3 rue Vauban Ville Close, 29900 Concarneau, France","47.87227342245622, -3.9157328422922872",1961,,https://www.youtube.com/watch?v=ipUtKGUBEMY,http://www.musee-peche.fr/,,museepeche@cca.bzh,,
Escal’Atlantic,Saint-Nazaire,France,Europe,"Base sous-marine de, 16 Bd de la Légion d'Honneur, 44600 Saint-Nazaire, France","47.27702894919597, -2.199710064544053",2000,the historic ocean liner,https://www.youtube.com/watch?v=XBToHNUTsMg,https://www.saint-nazaire-tourisme.uk/attractions-and-tours/attractions/escalatlantic/,https://en.wikipedia.org/wiki/Escal%27Atlantic,contact@saint-nazaire-tourisme.com,,
The Maillé-Brézé,Nantes,France,Europe,"Quai de la Fosse, 44000 Nantes, France","47.207703692532974, -1.569077064016044",1988,navy destroyer Maillé-Brézé,https://www.youtube.com/watch?v=UoVJllDh6rg,https://www.maillebreze.com/en,https://en.wikipedia.org/wiki/French_destroyer_Maill%C3%A9-Br%C3%A9z%C3%A9_(D627),maillebreze@orange.fr,,
German Maritime Museum,Bremerhaven,Germany,Europe,"Hans-Scharoun-Platz 1, 27568 Bremerhaven, Germany","53.54058096349454, 8.578302437558078",1975,,https://www.youtube.com/channel/UCaeECA9b0afQAyHQ6yhKSaw,https://www.dsm.museum/,https://en.wikipedia.org/wiki/German_Maritime_Museum,info@dsm.museum,,
Deutsches Marinemuseum Wilhelmshaven,Wilhelmshaven,Germany,Europe,"Südstrand 125, 26382 Wilhelmshaven, Germany","53.51359720335205, 8.141446422214528",1998,,https://www.youtube.com/c/Marinemuseum,https://www.marinemuseum.de/,,info@marinemuseum.de,,
Internationales Maritimes Museum,Hamburg,Germany,Europe,"Koreastraße 1, 20457 Hamburg, Germany","53.54393041708485, 10.002596343361335",2008,,https://www.youtube.com/user/MaritimesMuseum,https://www.imm-hamburg.de/international/en/,https://en.wikipedia.org/wiki/Internationales_Maritimes_Museum_Hamburg,info@peter-tamm-sen.de,,
Kiel Maritime Museum,Kiel,Germany,Europe,"Wall 65, 24103 Kiel, Germany","54.32367403476367, 10.145170998398413",1978,,https://www.youtube.com/channel/UCT1IDCpGlQVA3FuH07hs-dw,,https://en.wikipedia.org/wiki/Kiel_Maritime_Museum,museum@kiel.de,,
Schifffahrtsmuseum Flensburg,Flensburg,Germany,Europe,"Schiffbrücke 39, 24939 Flensburg, Germany","54.79340362912293, 9.435139921133473",1984,,https://www.youtube.com/channel/UCmzx2lZcyLT0PPQ8XyYsWUw,https://www.schifffahrtsmuseum-flensburg.de/de/museum-schleswig-holstein.html,https://de.wikipedia.org/wiki/Schifffahrtsmuseum_Flensburg,schifffahrtsmuseum@flensburg.de,,
Oderberg Inland Navigation Museum ,Oderberg,Germany,Europe,"Hermann-Seidel-Straße 44, 16248 Oderberg, Germany","52.863901179046756, 14.048966128047953",1954,,,https://www.bs-museum-oderberg.de/,,museum.oderberg@freenet.de,,
Schiffahrtsmuseum Nordfriesland,Husum,Germany,Europe,"Zingel 15, 25813 Husum, Germany","54.47570643574285, 9.053378697887961",1988,,,https://www.schiffahrtsmuseum-nf.de/,https://de.wikipedia.org/wiki/Schiffahrtsmuseum_Nordfriesland,schiffahrtsmuseum-nf@t-online.de,,
German Oceanographic Museum,Stralsund,Germany,Europe,"Bielkenhagen 10, 18439 Stralsund, Germany","54.3133727102241, 13.088417706351978",2008,,https://www.youtube.com/user/MEERESMUSEUM1951,https://www.meeresmuseum.de/en/,https://en.wikipedia.org/wiki/German_Oceanographic_Museum,info@meeresmuseum.de,,
Shipbuilding and Maritime Museum Rostock,Rostock,Germany,Europe,"Schmarl-Dorf 40, 18106 Rostock","54.14206723670113, 12.08791137566398",1968,the original cargo ship,https://www.youtube.com/channel/UCMM2DmYVLoRYbv_K5G0WThQ,https://schifffahrtsmuseum-rostock.de/,,info@ schifffahrtsmuseum -rostock.de,,
Marinemuseum Dänholm,Dänholm,Germany,Europe,"Zur Sternschanze 7, 18439 Stralsund, Germany","54.30987964741181, 13.11926629947199",1992,,,http://www.fv-mamu.de/Start/,https://de.wikipedia.org/wiki/Marinemuseum_D%C3%A4nholm,info@fv-mamu.de,,
Sassnitz Fishery and Harbor Museum,Sassnitz,Germany,Europe,"Hafenstraße 12 G, 18546 Sassnitz, Germany","54.51918670182827, 13.646139929436957",1996,,,http://www.hafenmuseum.de/startseite.html,,info@hafenmuseum.de,,
Erlebniswelt U-Boot,Sassnitz,Germany,Europe,"Hafenstraße 18, 18546 Sassnitz, Germany","54.515922461435004, 13.652539538143586",2002,Museum ship,,http://hms-otus.com/home/,,info@hms-otus.com,,
U-Boot Museum,Hamburg,Germany,Europe,"St. Pauli Fischmarkt 10, 20359 Hamburg, Germany","53.54517334162852, 9.955545678813863",2002,Museum ship,,https://www.u-434.de/en/u-boat-museum.html,https://en.wikipedia.org/wiki/Soviet_submarine_B-515,https://www.u-434.de/en/contact.html,,
Maritim Museum Peenemünde U-461,Peenemünde,Germany,Europe,"Haupthafen, 17449 Peenemünde, Germany","54.135498147084725, 13.768227452383973",,Museum ship,,http://www.u-461.de/www.u-461.de/Welcome.html,,kasse@u-461.de,,
Fishing Museum Peitz,Peitz,Germany,Europe,"Hüttenwerk 1, 03185 Peitz, Germany","53.35060843929119, 22.257689919189943",2006,,,https://www.fischereimuseum.de/index3.php,,info@fischereimuseum.de,,
German Inland Waterways Museum,Duisburg,Germany,Europe,"Apostelstrasse 84, 47119 Duisburg","51.46004587581334, 6.73105991428798",1979,,https://www.youtube.com/watch?v=Ro-sGa_lILM,http://www.binnenschifffahrtsmuseum.de/,https://en.wikipedia.org/wiki/German_Inland_Waterways_Museum,service@binnenschifffahrtsmuseum.de,,
Regensburg Danube Navigation Museum ,Regensburg,Germany,Europe,"Thundorferstraße, 93059 Regensburg, Germany","49.02147048878659, 12.102945913231963",1979,Museum ship,,https://www.donau-schiffahrtsmuseum-regensburg.de/index.php?page=37,https://en.wikipedia.org/wiki/Regensburg_Museum_of_Danube_Shipping,kontakt@dsmr.de,,
Hafenmuseum Hamburg,Hamburg,Germany,Europe,"Australiastraße 50A, 20457 Hamburg, Germany","53.52549785030978, 10.000899541993242",2002,Port history,https://youtu.be/NOyVKmkPSUM,https://shmh.de/de/hafenmuseum-hamburg,https://de.wikipedia.org/wiki/Hafenmuseum_Hamburg,info@shmh.de,,
Aegean Maritime Museum,Mykonos,Greece,Europe,"Enoplon Dinameon 10, Mikonos 846 00, Greece","37.44534130574195, 25.32879819297353",1985,Greek maritime history and tradition,https://www.youtube.com/watch?v=zwzj89reeSg,https://aegean-maritime-museum.gr/en/aegean-maritime-museum-myconos,https://en.wikipedia.org/wiki/Aegean_Maritime_Museum,https://aegean-maritime-museum.gr/en/contact-us,,
Hellenic Maritime Museum,Pireas,Greece,Europe,"Akti Themistokleous, Pireas 185 37, Greece","37.932744881525835, 23.646402324322114",1949,,https://www.youtube.com/channel/UCFG3pmNXyYMe3y2KOcpy5ww,https://www.hmmuseum.gr/en-us/,https://en.wikipedia.org/wiki/Hellenic_Maritime_Museum,info@hmmuseum.gr,,
Nautical Museum of Crete,Crete,Greece,Europe,"Akti Kountourioti, Chania 731 36, Greece","35.518350733455954, 24.016977032217753",1973,,https://www.youtube.com/channel/UCwL59gM_DJa_FfecqjdowRA,http://mar-mus-crete.gr/en/the-museum/,https://en.wikipedia.org/wiki/Nautical_Museum_of_Crete,mar-mus@otenet.gr,,
Reykjavík Maritime Museum,Reykjavík,Iceland,Europe,"Grandagarður 8, 101 Reykjavík, Iceland","64.1535591713041, -21.945696656657955",2005,,https://www.youtube.com/watch?v=droJzB7VK3U,https://reykjavikcitymuseum.is/reykjavik-maritime-museum?_ga=2.14277618.413194261.1645252119-1472976305.1645252119,https://en.wikipedia.org/wiki/Reykjav%C3%ADk_Maritime_Museum,citymuseum@reykjavik.is,,
Westfjords Heritage Museum,Ísafjörður,Iceland,Europe,"Ísafjörður, Iceland","66.06850735229405, -23.126097947104892",1988,,https://www.westfjords.is/en/service/westfjords-heritage-museum,,https://en.wikipedia.org/wiki/Westfjords_Heritage_Museum,byggdasafn@isafjordur.is,,
Viking World,Njardvik,Iceland,Europe,"Víkingabraut, Njardvik, Iceland","63.976015002413874, -22.528551447751724",2009,,https://www.youtube.com/watch?v=rnCHqHGC3qU,https://www.vikingworld.is/,https://en.wikipedia.org/wiki/Viking_World_museum,info@vikingworld.is,,
Eyrarbakki Maritime Museum,Eyrarbakki,Iceland,Europe,"Túngata 55, Eyrarbakki, Iceland","63.86457694646409, -21.151220389288408",,,,http://www.byggdasafn.is/onnur-sofn/sjominjasafnid-a-eyrarbakka/,,info@byggdasafn.is,,
Herring Era Museum,Siglufjörður,Iceland,Europe,"Snorragata 10, 580 Siglufjörður, Iceland","66.1481692921448, -18.91259572627103",1994,,https://vimeo.com/herringmuseum,Herring Era Museum,https://en.wikipedia.org/wiki/Herring_Era_Museum,safn@sild.is,,
Kursura Submarine Museum ,Visakhapatnam,India,Asia,"RK Beach Rd, Kirlampudi Layout, Chinna Waltair, Pandurangapuram, Visakhapatnam, Andhra Pradesh 530017, India","17.7174504992104, 83.3339146655758",2002,Kursura as a museum ship ,,http://vmrda.gov.in/kursura.aspx,https://en.wikipedia.org/wiki/INS_Kursura_(S20),mcvmrda@gmail.com,,
Tharangambadi Maritime Museum,Tranquebar,India,Asia,"2VG3+9X4, Tharangambadi, Tamil Nadu 609313, India","11.026258808319666, 79.85740533241913",,,,,"https://en.wikipedia.org/wiki/Maritime_Museum,_Tranquebar",,,
Indian Naval Aviation Museum,Vasco da Gama,India,Asia,"Bogmalo Road, Vasco da Gama, Goa 403806, India","15.375983594756274, 73.84106606515951",1998,,,https://www.goa-tourism.com/naval,https://en.wikipedia.org/wiki/Naval_Aviation_Museum_(Goa),reservations@goa-tourism.com,,
Visakha Naval Maritime Museum (Swarna Jyoti Museum),Visakhapatnam,India,Asia,"505, Beach Rd, Kirlampudi Layout, Chinna Waltair, Pandurangapuram, Visakhapatnam, Andhra Pradesh 530017, India","17.72182145253154, 83.33657535183391",1989,,,,,,,
Odisha State Maritime Museum,Cuttack,India,Asia,"Mahanadi, Ring Rd, Professors Colony, Cuttack, Odisha 753003, India","20.479649954701433, 85.89884305130005",2013,,,https://www.facebook.com/www.odishastatemaritimemuseum.org/,,,,
Indian Naval Maritime Museum,Kochi,India,Asia,"K.J. Herschel Rd, Veli, Kochi, Kerala 682001, India","9.959860328403286, 76.24127398252101",2001,,https://www.youtube.com/watch?v=Mps4Oypal7E,https://www.incredibleindia.org/content/incredible-india-v2/en/destinations/kochi/snc-maritime-museum.html,,info.mot@gov.in,,
Jakarta Maritime Museum,Jakarta,Indonesia,Asia,"Jl. Ps. Ikan No.1, RT.11/RW.4, Penjaringan, Kec. Penjaringan, Kota Jkt Utara, Daerah Khusus Ibukota Jakarta 14440, Indonesia","-6.126144565505467, 106.80858989999999",1977,Ship models,,https://www.mitramuseumjakarta.org/bahari,https://en.wikipedia.org/wiki/Maritime_Museum_(Indonesia),museumbahari@yahoo.com,A fire in 2018 burned most of the building and its collection,
Museum Maritim Indonesia,Jakarta,Indonesia,Asia,"Jl Pasoso no 1, Tanjung Priok Harbor, North Jakarta","-6.1069174515802285, 106.8851954597726",2019,,https://www.youtube.com/channel/UCSpMbXk3I61HGo37dNxA3IA,https://maritimemuseum.id/,,info@maritimemuseum.id,,
National Maritime Museum of Ireland,Dublin,Ireland,Europe,"Haigh Terrace, Dún Laoghaire, Dun Laoghaire, Co. Dublin, Ireland","53.292813979488834, -6.128007011703258",1978,,https://www.youtube.com/channel/UC64IK27MzfmdBpClch3zaOw,https://www.mariner.ie/#/,https://en.wikipedia.org/wiki/National_Maritime_Museum_of_Ireland,museum@mariner.ie,,
Passage West Maritime Museum,Cork,Ireland,Europe,"Main St, Maulbaun, Passage West, Co. Cork, T12 X4AX, Ireland","51.872629641671914, -8.334189156120404",2018,,https://www.facebook.com/passagemuseum/videos/ring-of-cork/332106117375816,http://passagemuseum.ie/index.html,,info@passagemuseum.ie,,
Inishowen Maritime Museum & Planetarium,Donegal,Ireland,Europe,"Coastguard Station, Eleven Ballyboes, Co. Donegal, F93 TO28, Ireland","55.20414479138353, -6.982580513945464",1994,,https://www.youtube.com/watch?v=pAnWG28b2jo,https://inishowenmaritime.com/,,greencastlemaritime@outlook.com,,
National Maritime Museum,Haifa,Israel,Middle East,"Derech Allenby 198, Haifa, Israel","32.82969702593103, 34.972854484122585",1953,,,https://www.nmm.org.il/eng,https://en.wikipedia.org/wiki/Israeli_National_Maritime_Museum,info@hms.org.il,,
Galata Museo del Mare,Genoa,Italy,Europe,"Calata Ansaldo De Mari, 1, 16126 Genova GE, Italy","44.41508103417936, 8.92585129786455",2004,Ships,https://storage.googleapis.com/thekey-ticketing.appspot.com/muma/home-page-video/galata-home-video.m4v,https://galatamuseodelmare.it/,https://en.wikipedia.org/wiki/Galata_-_Museo_del_mare,accoglienzagalata@galatamuseodelmare.it,,
Museo Storico Navale,Venice,Italy,Europe,"Riva S. Biasio, 2148, 30122 Venezia VE, Italy","45.4329070781234, 12.350857052914304",1919,,https://youtu.be/OQKc2QEciiU,https://www.marina.difesa.it/cosa-facciamo/per-la-cultura/musei/museostoricove/Pagine/default.aspx,https://en.wikipedia.org/wiki/Museo_Storico_Navale,urp@marina.difesa.it,,
Technical Naval Museum,La Spezia,Italy,Europe,"Viale Giovanni Amendola, 1, 19121 La Spezia Provincia della Spezia, Italy","44.10179387781925, 9.822434275140408",1923,,https://www.youtube.com/watch?v=4UHrl7AoR4Q,https://www.marina.difesa.it/EN/history/museums/Pagine/museotecniconavale.aspx,https://en.wikipedia.org/wiki/Technical_Naval_Museum_at_La_Spezia,mdpt.sp.museo.navale@marina.difesa.it,,
Museo della pesca del Litorale triestino,Santa Croce TS,Italy,Europe,"Località S. Croce, 61, 34010 Santa Croce TS, Italy","45.73260695515706, 13.694966775103678",,,,http://www.ribiski-muzej.it/contatti/?lang=en,,info@ribiski-muzej.it,,
Kure maritime Museum (Yamato Museum) 大和ミュージアム,Kure,Japan,Asia,"5-20 Takaramachi, Kure, Hiroshima 737-0029, Japan","34.24241626655243, 132.55868791267426",2005,Yamoto ship model,,https://yamato-museum.com/,https://en.wikipedia.org/wiki/Yamato_Museum,http://www.yamato-museum.jp/contactform/?page_id=6,,
Kobe Maritime Museum 神戸海洋博物館,Kobe,Japan,Asia,"2-2 Hatobachō, Chuo Ward, Kobe, Hyogo 650-0042, Japan","34.68312239697384, 135.18851975542466",1987,Yamato-1,,https://kobe-maritime-museum.com/,https://en.wikipedia.org/wiki/Kobe_Maritime_Museum,,,
Museum of Maritime Science 船の科学館,Tokyo,Japan,Asia,"3-1 Higashiyashio, Shinagawa City, Tokyo 135-8587, Japan","35.620913524917114, 139.7744595978646",1974,Ship models,,https://www.transport-pf.or.jp/norimono/museum/fk/,https://en.wikipedia.org/wiki/Museum_of_Maritime_Science,,,
Sea Culture Museum うるま市立海の文化資料館,Okinawa,Japan,Asia,"Japan, 〒904-2427 Okinawa, Uruma, Yonashiroyahira, 4−番地 海の駅あやはし館２階","26.333353641506676, 127.92974264549679",2003,,,https://umibun.ti-da.net/,,,,
NYK Maritime Museum 日本郵船歴史博物館,Yokohama,Japan,Asia,"Japan, 〒231-0002 Kanagawa, Yokohama, Naka Ward, Kaigandori, 3 Chome−９","35.451276025824995, 139.64093595236776",1993,History of modern Japan's maritime transportation,https://www.youtube.com/watch?v=cl0JfnRgAAw,https://museum.nyk.com/,https://en.wikipedia.org/wiki/NYK_Maritime_Museum,https://museum.nyk.com/en/contact.html,,
NYK Hikawamaru 日本郵船氷川丸,Yokohama,Japan,Asia,"Japan, 〒231-0023 Kanagawa, Yokohama, Naka Ward, Yamashitacho, 山下公園地先","35.447400282475655, 139.65079781587738",1961,Japanese ocean liner Hikawamaru,,https://hikawamaru.nyk.com/en/,https://en.wikipedia.org/wiki/Hikawa_Maru,https://hikawamaru.nyk.com/en/contact.html,,
Yokohama Port Museum 横浜みなと博物館,Yokohama,Japan,Asia,"2 Chome-1-1 Minatomirai, Nishi Ward, Yokohama, Kanagawa 220-0012, Japan","35.454043313836664, 139.6345114983984","1989, renovated and renamed in 2009",,,https://www.nippon-maru.or.jp/port-museum/,https://en.wikipedia.org/wiki/Yokohama_Port_Museum,n-info@nippon-maru.or.jp,,
Japan Coast Guard Museum 海上保安資料館,Yokohama,Japan,Asia,"1 Chome-2-1 Shinko, Naka Ward, Yokohama, Kanagawa 231-0001, Japan","35.45493869782275, 139.64572412168064",2004,North Korean spy vessel,,https://www.kaiho.mlit.go.jp/03kanku/kouhou/jcgm_yokohama/,https://en.wikipedia.org/wiki/Japan_Coast_Guard_Museum_Yokohama,,,
Japan Coast Guard Museum 海上保安資料館,Kure,Japan,Asia,"5 Wakabacho, Kure, Hiroshima 737-0832, Japan","34.24504577984685, 132.5313148597726",1980,,,https://www.jcga.ac.jp/shiryokan/shiryokan.html,https://en.wikipedia.org/wiki/Japan_Coast_Guard_Museum,,,
Kushimoto Turkish Memorial and Museum トルコ記念館,Kushimoto ,Japan,Asia,"1025-26 Kashino, Kushimoto, Higashimuro District, Wakayama 649-3631, Japan","33.470078975387935, 135.8618053661097",1929,,,https://kankou-kushimoto.jp/spots/%e3%83%88%e3%83%ab%e3%82%b3%e8%a8%98%e5%bf%b5%e9%a4%a8,https://en.wikipedia.org/wiki/Kushimoto_Turkish_Memorial_and_Museum,info@kankou-kushimoto.jp,,
Nagoya Marine Museum 名古屋海洋博物館,Nagoya,Japan,Asia,"1 Minatomachi, Minato Ward, Nagoya, Aichi 455-0033, Japan","35.090727630662116, 136.88144926877905",,,,https://nagoyaaqua.jp/garden-pier/museum/,,,,
Cormorant Fishing House 鵜飼資料園,Nagara,Japan,Asia,"Nakaukai, Nagara, Gifu City","35.92697086877447, 138.096107054141",,Fishing,,https://web.archive.org/web/20050716084137/http://www.gcci.or.jp/kankou/ukai/ukai_e.htm,https://en.wikipedia.org/wiki/Cormorant_Fishing_House,,,
Jersey Maritime Museum,Saint Helier,Jersey,Europe,"New North Quay, St Helier, Jersey JE2 3ND, Jersey","49.18231885645066, -2.108142024883842",1997,,https://vimeo.com/jerseyheritagvimeo,https://www.jerseyheritage.org/explore/find-a-place-to-visit/maritime-museum/,https://en.wikipedia.org/wiki/Jersey_Maritime_Museum,info@jerseyheritage.org,,
Kuwait Maritime Museum,Kuwait City,Kuwait,Asia,"9XPJ+4V9, Kuwait City, Kuwait","29.385996580647685, 47.98356997565002",2010,,,,,,https://en.unesco.org/silkroad/silk-road-themes/underwater-heritage/maritime-museum-0,
Muzium Samudera (Flor de La Mar),Malacca,Malaysia,Asia,"Jln Merdeka, Bandar Hilir, 75000 Melaka, Malaysia","2.1930049821278175, 102.24862912114682",1994,Replica of Flor do Mar,,http://perzim.gov.my/,https://en.wikipedia.org/wiki/Maritime_Museum_(Malaysia),,,
Royal Malaysian Navy Museum,Malacca,Malaysia,Asia,"Muzium Tldm, Jln Merdeka, Bandar Hilir, 75000 Malacca, Malaysia","2.1922475628790545, 102.24667798465644",1995,,,,https://en.wikipedia.org/wiki/Royal_Malaysian_Navy_Museum,,,
Submarine Museum,Malacca,Malaysia,Asia,"Jalan Klebang Besar/Klebang Kecil, 75200 Melaka, Malaysia","2.2123053338611656, 102.19900249786456",2011,Submarine,,,https://en.wikipedia.org/wiki/Submarine_Museum,,,
Muzium Marin Labuan,Labuan ,Malaysia,Asia,"Kompleks Sukan Air Antarabangsa Labuan, Jalan Tanjung Purun, 87008 Labuan, Malaysia","5.275760443977971, 115.25707103649034",2003,,,https://www.facebook.com/Halaman-Muzium-Marin-Labuan-106660724436060,,muziummarinlabuan@gmail.com,http://www.jmm.gov.my/en/museum/labuan-marine-museum,
Gallery of Admiral Cheng Ho,Malacca,Malaysia,Asia,"Jalan Kota, 75000 Melaka, Malaysia","2.1946346292269885, 102.24943116877904",2003,,https://www.youtube.com/watch?v=6tZGetGb-8Y,,https://en.wikipedia.org/wiki/Gallery_of_Admiral_Cheng_Ho,,,
Aquarium & Marine Museum,Kota Kinabalu,Malaysia,Asia,"Jalan UMS, 88400 Kota Kinabalu, Sabah, Malaysia","6.040870095648959, 116.1152526745823",1995,Biodiversity,https://youtu.be/fsBtSyuHDrk,https://www.facebook.com/UMSAkuarium/,,,,
Malta Maritime Museum,Birgu,Malta,Europe,"Ex-Naval Bakery Vittoriosa Waterfront, Birgu BRG 1721, Malta","35.888195859079616, 14.523555328017789",1992,,https://youtu.be/dhagfhoJ8mc,https://heritagemalta.org/malta-maritime-museum/,https://en.wikipedia.org/wiki/Malta_Maritime_Museum,https://heritagemalta.org/contact/,,
Oceanographic Museum of Monaco,Monaco,Monaco,Europe,"Av. Saint-Martin, 98000 Monaco","43.73137138520398, 7.427891428536329",1910,,https://www.youtube.com/user/MonacoOceano,https://musee.oceano.org/en/,https://en.wikipedia.org/wiki/Oceanographic_Museum_of_Monaco,https://www.oceano.org/en/contact/,,
Maritime Museum of Montenegro,Kotor,Montenegro,Europe,"391 Trg Bokeljske mornarice, Kotor 85330, Montenegro","42.42804548193911, 18.783903420050667",1900,,,http://www.museummaritimum.com/eng/eng.htm,,pom.muzej.dir@t-com.me,,
The Museum of the Island of Mozambique,Mozambique Island,Mozambique,Africa,"Mozambique Island, Mozambique","-15.023674468002229, 40.75673218477774",2004 (the maritime museum within was established in 1972),,,,,,https://en.unesco.org/silkroad/silk-road-themes/underwater-heritage/museum-island-mozambique,
Fisheries Museum,Maputo,Mozambique,Africa,"2HF9+RHC, Maputo, Mozambique","-25.975078674404756, 32.56926091291449",2014,,,http://www.mimaip.gov.mz/o-ministerio/instituicoes-tuteladas-e-subordinadas/museu-das-pescas/,,,,
Navy Museum,Den Helder,Netherlands,Europe,"Hoofdgracht 3, 1781 AA Den Helder, Netherlands","52.96431434503522, 4.77283771428798",,,,marinemuseum.nl/en/,https://en.wikipedia.org/wiki/Dutch_Navy_Museum,info@marinemuseum.nl,,
Fries Scheepvaart Museum,Sneek,Netherlands,Europe,"Kleinzand 16, 8601 BH Sneek, Netherlands","53.032674722753214, 5.666029481987138",1938,Ship models and naval paintings,https://www.youtube.com/c/friesscheepvaartmuseum1,https://friesscheepvaartmuseum.nl/,https://en.wikipedia.org/wiki/Fries_Scheepvaart_Museum,info@friesscheepvaartmuseum.nl,,
Maritime Museum Rotterdam,Rotterdam,Netherlands,Europe,"Leuvehaven 1, 3011 EA Rotterdam, Netherlands","51.91828098299428, 4.484746705301911",1874,,https://www.youtube.com/user/mmph2,https://www.maritiemmuseum.nl/en,https://en.wikipedia.org/wiki/Maritime_Museum_Rotterdam,support@globalticket.nl,,
National Maritime Museum,Amsterdam,Netherlands,Europe,"Kattenburgerplein 1, 1018 KK Amsterdam, Netherlands","52.37226932808973, 4.916072883581635",1916,,https://vimeo.com/user7224834?embedded=true&source=owner_name&owner=7224834,http://www.hetscheepvaartmuseum.com/,https://en.wikipedia.org/wiki/Het_Scheepvaartmuseum,info@hetscheepvaartmuseum.nl,,
Houseboat Museum,Amsterdam,Netherlands,Europe,"Prinsengracht 296 K
1016 HW Amsterdam","52.37039583286581, 4.885607866143945",,,https://youtu.be/45Nl7H9vAdU,,,info@houseboatmuseum.nl,,
Nationaal Sleepvaart Museum,Maassluis,Netherlands,Europe,"Hoogstraat 1, 3142 EA Maassluis, Netherlands","51.92178137769186, 4.2535131769012",1979,,https://www.youtube.com/channel/UC_IDroQvWMAhl2osByoQI-A,https://www.nationaalsleepvaartmuseum.nl/en/,,https://www.nationaalsleepvaartmuseum.nl/en/contact/general-information,,
Museum Vlaardingen,Vlaardingen,Netherlands,Europe,"Westhavenkade 54, 3131 AG Vlaardingen, Netherlands","51.905972702260854, 4.345448146171701",1920,historical artefacts,https://www.youtube.com/channel/UClPqDQf5oCSdeCJ09MLD9Jw,https://www.museumvlaardingen.nl/,https://nl.wikipedia.org/wiki/Museum_Vlaardingen,info@museumvlaardingen.nl,,
Zuiderzee Museum,Enkhuizen,Netherlands,Europe,"Wierdijk 12 - 22, 1601 LA Enkhuizen, Netherlands","52.70479757901463, 5.298350428469866",1950,Local maritime heritage,https://www.youtube.com/user/zuiderzeemuseum,https://www.zuiderzeemuseum.nl/,https://en.wikipedia.org/wiki/Zuiderzee_Museum,info@zuiderzeemuseum.nl,,
Bluff Maritime Museum,Bluff,New Zealand,Oceania,"241 Foreshore Road, Bluff 9814, New Zealand","-46.596044957610566, 168.33282995291196",1992,,https://www.odt.co.nz/lifestyle/summer-times/seeing-sights-southern-seas,http://www.bluffmuseum.co.nz/,https://en.wikipedia.org/wiki/Bluff_Maritime_Museum,bluff@BluffMuseum.nz,,
The Edwin Fox Ship,Picton,New Zealand,Oceania,"Dunbar Wharf, Picton 7281, New Zealand","-41.28601938418761, 174.00927592751992",,Museum ship,https://www.stuff.co.nz/travel/destinations/nz/nelson-tasman/300338051/world-famous-in-new-zealand-pictons-edwin-fox-sailing-ship,https://www.edwinfoxship.nz/,https://en.wikipedia.org/wiki/Edwin_Fox,info@edwinfoxship.nz,,
New Zealand Maritime Museum,Auckland,New Zealand,Oceania,"Corner of Quay and Hobson Street, Auckland 1140, New Zealand","-36.84110177612962, 174.76590512063993",1993,,https://www.youtube.com/channel/UCGvYjwhqU86GoB8V2Unc02A,https://www.maritimemuseum.co.nz/,https://en.wikipedia.org/wiki/New_Zealand_Maritime_Museum,info@maritimemuseum.co.nz,,
Torpedo Bay Navy Museum,Auckland,New Zealand,Oceania,"64 King Edward Parade, Devonport, Auckland 0624, New Zealand","-36.82773584443276, 174.811695451328",2010,,https://www.facebook.com/torpedobaynavymuseum/videos/?ref=page_internal,https://navymuseum.co.nz/,https://en.wikipedia.org/wiki/Torpedo_Bay_Navy_Museum,info@navymuseum.co.nz,,
Royal Norwegian Navy Museum,Horten,Norway,Europe,"Kommandørkaptein Klincks vei 9, 3183 Horten, Norway","59.425519154012974, 10.486825892595158",1853,Ships,,https://kultur.forsvaret.no/museer/marinemuseet,https://en.wikipedia.org/wiki/Royal_Norwegian_Navy_Museum,mar-mus@online.no,,
Norwegian Maritime Museum,Oslo,Norway,Europe,"Bygdøynesveien 37, 0286 Oslo, Norway","59.90293433548126, 10.699189569275534",1914,,https://www.youtube.com/channel/UCh26O7NjEjKyBW3xs74kEJw,https://marmuseum.no/en,https://en.wikipedia.org/wiki/Norwegian_Maritime_Museum,fellespost@marmuseum.no,,
The Viking Ship Museum,Oslo,Norway,Europe,"Huk Aveny 35, 0287 Oslo, Norway","59.90506315594538, 10.688441542335932",1926,viking ships,https://www.youtube.com/watch?v=0YU3Qh2VHSA,https://www.khm.uio.no/english/visit-us/viking-ship-museum/index.html,https://en.wikipedia.org/wiki/Viking_Ship_Museum_(Oslo),postmottak@khm.uio.no,,
Fram - The Polar Exploration Museum,Oslo,Norway,Europe,"Bygdøynesveien 36, 0286 Oslo, Norway","59.90380146379279, 10.700172960847986",1936,polar vessel,https://www.youtube.com/channel/UCbKBXMwfhgslinkcu-9zSFA,https://frammuseum.no/,https://en.wikipedia.org/wiki/Fram_Museum,https://frammuseum.no/contact/,,
The Kon-Tiki Museum,Oslo,Norway,Europe,"Bygdøynesveien 36, 0286 Oslo, Norway","59.904099301122386, 10.699525552383973",1949,Kon-Tiki raft,https://www.youtube.com/channel/UCgrOrxPTORTkpzsUuE9uItQ,https://www.kon-tiki.no/,https://en.wikipedia.org/wiki/Kon-Tiki_Museum,kon-tiki@kon-tiki.no,,
Bergen Maritime Museum,Bergen,Norway,Europe,"Haakon Sheteligs plass 15, 5007 Bergen, Norway","60.38739387359368, 5.321314490479967",1927,,,https://sjofartsmuseum.museumvest.no/english/,,postsjofart@museumvest.no,,
Hardanger Maritime Centre,Norheimsund,Norway,Europe,"Sandvenvegen 56 A, 5600 Norheimsund, Norway","60.36659528519668, 6.147164792042394",1984,,https://www.youtube.com/channel/UCl-5u4L-59SaDgVHJBzMTGw,https://fartoyvern.no/en/,,fartoyvern@hvm.museum.no,,
Norwegian Fishing Village Museum,Sørvågen,Norway,Europe,"Å vegen 21, 8392 Sørvågen, Norway","67.88162492889424, 12.98350782910397",1988,,,https://www.museumnord.no/en/home/,https://en.wikipedia.org/wiki/Norwegian_Fishing_Village_Museum,nfmuseum@museumnord.no,,
Norwegian Fisheries Museum,Bergen,Norway,Europe,"Sjøgaten 23, 5035 Bergen, Norway","60.4085808029413, 5.323718921167966",1880,,https://vimeo.com/173039867,https://fiskerimuseum.museumvest.no/english/,,fiskeri@museumvest.no,,
Karmoy Fishery Museum ,Veavågen,Norway,Europe,"Slettavikvegen 26, 4276 Veavågen, Norway","59.28913084112531, 5.24478542853633",1985,,,http://www.fiskerimuseum.net/,,karmoy@fiskerimuseum.net <karmoy@fiskerimuseum.net>;,,
DuVerden Maritime Museum and Science Center,Porsgrunn,Norway,Europe,"Tollbugata 23, 3933 Porsgrunn, Norway","59.13706261102786, 9.640127743342047",2013,,https://www.youtube.com/channel/UC0-e5GoUCHRJHCIHQuomE8g/featured,https://du-verden.no/,,booking@du-verden.no,,
Stavanger Maritime Museum,Stavanger,Norway,Europe,"Strandkaien 22, 4005 Stavanger, Norway","58.9707684187153, 5.7310147978498",1926,,,https://stavangermaritimemuseum.no/en/,,post@museumstavanger.no,,
Pakistan Maritime Museum,Karachi,Pakistan,Asia,Pakistan Maritime Museum,"24.886570631679486, 67.09179564442906",1997,,https://www.youtube.com/watch?v=SC2F65azmb4,https://pmm.com.pk/,https://en.wikipedia.org/wiki/Pakistan_Maritime_Museum,info@pmm.com.pk,,
Museo Maritimo,Manila,Philippines,Asia,"AIMS Campus, 1300 Roxas Boulevard, Pasay, Kalakhang Maynila, Philippines","14.550813458334082, 121.00014550733565",2012,,,https://www.facebook.com/MuseoMaritimo,,,,
Magellan's Landing Maritime Museum,Olongapo,Philippines,Asia,"Argonaut Hwy, Subic Bay Freeport Zone, Olongapo, Bataan, Philippines","14.826031082274651, 120.29949906610975",,,,,,,,
Pangko Maritime Museum,El Nido,Philippines,Asia,"7H97+GQ2, El Nido, Palawan, Philippines","11.270162900364998, 119.56482815343549",,,,,,,,
Marino Marini Museum,Manila,Philippines,Asia,"1004, 814 Julio Nakpil, Malate, Manila, 1004 Metro Manila, Philippines","14.574334528164853, 120.99142984389522",,Associated Marine Officers’ and Seamen’s Union of the Philippines,,https://museomarino.webs.com/,,museomarino@yahoo.com,,
National Maritime Museum,Gdansk,Poland,Europe,"Ołowianka 9-13, 80-751 Gdańsk, Poland","54.35134921176392, 18.66163683593919",1962,,https://www.youtube.com/c/NarodoweMuzeumMorskie/about,https://en.nmm.pl/,"https://en.wikipedia.org/wiki/National_Maritime_Museum,_Gda%C5%84sk",sekretariat@nmm.pl,,
National Maritime Museum,Szczecin,Poland,Europe,"Wały Chrobrego 3, 70-500 Szczecin, Poland","53.43456992513777, 14.590825867332285","1946, became part of the National Museum in 1950",,https://www.youtube.com/channel/UCpTf8WeGL6VNC4DMDAWxSeA,https://muzeum.szczecin.pl/en/collections/maritime.html,"https://en.wikipedia.org/wiki/National_Museum,_Szczecin",lp.nicezczs.muezum@oruib,,
Naval Museum,Gdynia,Poland,Europe,"Zawiszy Czarnego 1B, 81-374 Gdynia, Poland","54.515817822871114, 18.54879779946245",1953,,,https://muzeummw.pl/en/main/,,sekretariat@muzeummw.pl,,
Museu de Marinha,Lisbon,Portugal,Europe,"Praça do Império, 1400-206 Lisboa, Portugal","38.69835082879403, -9.205275117977587",1963,,https://www.youtube.com/user/MarinhaPortuguesa,https://ccm.marinha.pt/pt/museu,https://en.wikipedia.org/wiki/Navy_Museum_(Portugal),geral.museu@marinha.pt,,
Museu Marítimo de Ílhavo e Aquário dos Bacalhaus,Ílhavo,Portugal,Europe,"Avenida Doutor Rocha Madahil 193, 3830-193 Ílhavo, Portugal",,1937,,,https://museumaritimo.cm-ilhavo.pt/pages/137,,museuilhavo@cm-ilhavo.pt,,
Almirante Ramalho Ortigão Maritime Museum,Faro,Portugal,Europe,"8000-078 Faro, Portugal","37.016914893103134, -7.936110209015507",1962,,,https://museusdoalgarve-wordpress-com.translate.goog/about/museu-maritimo-almirante-ramalho-ortigao/?_x_tr_sl=pt&_x_tr_tl=en&_x_tr_hl=en&_x_tr_pto=sc,,museum.ramalho.ortigao@marinha.pt,,
Museu Marítimo de Esposende,Esposende,Portugal,Europe,"Estação de Socorros a Náufragos, Av. Eng. Eduardo Arantes e Oliveira, 4740-204 Esposende, Portugal",,2012,,,https://museumaritimoesposende.pt/,,info@museumaritimoesposende.pt,,
Sesimbra Maritime Museum,Sesimbra,Portugal,Europe,"Rua da Fortaleza, 2970-738 Sesimbra","38.44316453552108, -9.100694986813169",2016,,https://youtu.be/L2tl1mYmKME,http://www.museusesimbra.pt/#/point/36,,museu@cm-sesimbra.pt,,
King D. Carlos Sea Museum,Cascais,Portugal,Europe,"R. Júlio Pereira de Mello, 2750-319 Cascais, Portugal","38.69535916350957, -9.423250460358249",1992,,https://youtu.be/qWiO1y_Iucg,https://museumar.cascais.pt/home.html,"https://en.wikipedia.org/wiki/Museum_of_the_Sea,_Cascais",museumar@cm-cascais.pt,,
Romanian Naval Museum,Constanța,Romania,Europe,"Strada Traian 53, Constanța 900725, Romania","44.175368569352166, 28.65367511050531",1969,,https://www.videoguide.ro/ro/video/1703/,https://muzeulmarinei.ro/,,naval.museum@yahoo.com,,
The Northern Maritime Museum,Arkhangelsk ,Russia,Eurasia,"Northern Dvina Embankment 80
Arkhangelsk","64.5340885254517, 40.516874646030644",1991,,https://videon.img.ria.ru/Volume29/Flv/direct/2015/07/03/2015_07_03_ARKTIKABODNARUKeng_2s3bhlof.mt0.mp4,https://northernmaritime.ru/,,sevmormuz@mail.ru,,
Russian Pacific Navy Military History Museum,Vladivostok,Russia,Eurasia,"690091, Primorski area, 66, Svetlanskaya Str., Vladivostok","43.114493021760616, 131.90102288933213",1950,,,,,,https://vladivostok-city.com/places/all/all/932,
Central Naval Museum,St. Petersburg,Russia,Eurasia,"Bol'shaya Morskaya Ulitsa, 69А, St Petersburg, Russia, 190000","59.9301186098626, 30.294256247475126",1924 (although its origin dates back to 1709),,https://www.youtube.com/channel/UCl91Hd2vGXdrg_ohMwIWsCw?view_as=subscriber,https://eng.navalmuseum.ru/,https://en.wikipedia.org/wiki/Central_Naval_Museum,navalmuseum_dm@mil.ru,,
Museum of the World Ocean,Kaliningrad,Russia,Europe,"Naberezhnaya Petra Velikogo, 1, Kaliningrad, Kaliningrad Oblast, Russia, 236006","54.707201678793176, 20.501591798946606",1990,,https://www.youtube.com/channel/UCeLhD6r3Fk3AnYKmTwV8caA?view_as=subscriber,https://world-ocean.ru/en/,,museum@world-ocean.ru,,
Naval Museum of the Northern Fleet,Murmansk,Russia,Europe,"Ulitsa Tortseva, 15, Murmansk, Murmansk Oblast, Russia, 183017","69.02530251454563, 33.08168908314233",1946,Ship models,,http://www.museum.ru/M2047,,naval-museum-nf@yandex.ru,,
Singapore Maritime Gallery,Singapore,Singapore,Asia,"31 Marina Coastal Dr, Level 2, Singapore 018988","1.2717860812208563, 103.86528303649035",2012,,https://youtu.be/Tuj6-X16P6Y,https://www.mpa.gov.sg/web/portal/home/maritime-singapore/public-outreach/singapore-maritime-gallery,,smg@mpa.gov.sg,,
Navy Museum,Singapore,Singapore,Asia,"112 Tanah Merah Coast Rd, Singapore 498794","1.3173167681266058, 104.01821958358873",2012,Navy ships,,https://www.mindef.gov.sg/oms/imindef/mindef_websites/atozlistings/navymuseum/home.html,,rsnmuseum@defence.gov.sg,https://www.straitstimes.com/singapore/navy-museum-set-to-undergo-revamp-to-reopen-in-august-2022,
Maritime Museum,Pirano,Slovenia,Europe,"Cankarjevo nabrežje 3, 6330 Piran - Pirano, Slovenia","45.52802530368552, 13.571947565550618",1954,,https://www.youtube.com/channel/UCQjmiqn7M0j_EGTr8YzWi3w,,,muzej@pommuz-pi.si,,
The Maritime Museum at the Bartolomeu Dias Museum Complex,Mossel Bay,South Africa,Africa,"1 Market St, Mossel Bay Central, Mossel Bay, 6500, South Africa","-34.179476527539926, 22.143959698398408",1987,Replica of 1488 Bartolomeu Dias Caravel,https://youtu.be/4so_W9K9tlQ,https://www.diasmuseum.co.za/,https://en.wikipedia.org/wiki/Bartolomeu_Dias_Museum_Complex,info@diasmuseum.co.za,,
The South African Maritime Centre,Cape Town,South Africa,Africa,"Union-Castle House, Dock Rd, Victoria & Alfred Waterfront, Cape Town, 8000, South Africa","-33.90494870331697, 18.42192132908551",1990,The world's last surviving boom defense ship,https://www.youtube.com/watch?v=IzLqxy3CuCc,https://www.iziko.org.za/museums/maritime-centre,,info@iziko.org.za,,
Port Natal Maritime Museum,Durban,South Africa,Africa,"Aliwal St, Durban Central, Durban, 4001, South Africa","-29.86170099144059, 31.03035570633712",,,,,,,,
SA Naval Museum,Simon's Town,South Africa,Africa,"St George's St, Simon's Town, Cape Town, 7995, South Africa","-34.19184079134696, 18.428454695354645",1993,History of the South African Navy,https://www.youtube.com/watch?v=aikiDTvEa8c,https://sanavymuseum.co.za/,"https://en.wikipedia.org/wiki/South_African_Naval_Museum#:~:text=7%20External%20links-,History,Military%20Museum%20in%20Cape%20Town.",info@sanavymuseum.co.za,,
National Maritime Museum 국립해양박물관,Busan,South Korea,Asia,"45 Haeyang-ro 301beon-gil, Dongsam 1(il)-dong, Yeongdo-gu, Busan, South Korea","35.07897518468519, 129.0800846386258",2012,Maritime antiquities,https://youtu.be/_N20kPfet3A,https://www.knmm.or.kr/eng/,https://en.wikipedia.org/wiki/Korea_National_Maritime_Museum,reservation@macu.kr,,
Mokpo National Maritime Museum 목포해양유물전시관,Mokpo,South Korea,Asia,"136, Namnong-ro, Mokpo, Jeonnam, 58699, Republic of KOREA","34.79230534247661, 126.42176685542748",1994,Maritime relics,,https://www.seamuse.go.kr/mokpo/eng/main,,,https://en.unesco.org/silkroad/silk-road-institutions/national-research-institute-maritime-cultural-heritage,
Taean National Maritime Museum 국립태안해양유물전시관,Taean gun,South Korea,Asia,"South Korea, Chungcheongnam-do, Taean-gun, Geunheung-myeon, Sinjindaegyo-gil, 94-33 KR","36.677238287542046, 126.15138699766193",2019,Taean shipwreck,,https://www.seamuse.go.kr/taean/eng/main,,,,
Busan Marine Natural History Museum 해양자연사박물관,Busan,South Korea,Asia,"175 Ujangchun-ro, Dongnae-gu, Busan, South Korea","35.222721084971596, 129.07564689999998",1994,Marine natural history of Busan,,https://www.busan.go.kr/eng/busan-marine-natural-history-museum,https://en.wikipedia.org/wiki/Busan_Marine_Natural_History_Museum,,,
National Ocean Science Museum 국립해양과학관,Uljin-gun,South Korea,Asia,"South Korea, Gyeongsangbuk-do, Uljin-gun, Jukbyeon-myeon, 해양과학길 8 KR","37.07422400519865, 129.40790873122097",2020,Ocean science,https://youtu.be/dVwg6gqnOs0,https://www.kosm.or.kr/kosm/en/main.do,,,,
Nationa Lighthouse Museum 국립등대박물관,Pohang-si,South Korea,Asia,"20, Haemaji-ro150 beon-gil, Homigot-myeon, Nam-gu, Pohang-si, Gyeongsangbuk-do, Korea","36.07811021895498, 129.5685874306871",1985,Lighthouse,https://www.youtube.com/watch?v=hBE6a3Gv17Y,https://www.lighthouse-museum.or.kr/en/,"https://en.wikipedia.org/wiki/National_Lighthouse_Museum,_South_Korea",info@lighthouse-museum.or.kr,,
Maritime Museum of Barcelona,Barcelona,Spain,Europe,"Av. de les Drassanes, s/n, 08001 Barcelona, Spain","41.37528778809495, 2.1763592035310513",1936,,https://www.youtube.com/user/MuseuMaritim,https://www.mmb.cat/en/,https://en.wikipedia.org/wiki/Maritime_Museum_of_Barcelona,informacio@mmb.cat,,
Maritime Museum Ria de Bilbao,Bilbao,Spain,Europe,"Ramón de la Sota Kaia, 1, 48013 Bilbo, Bizkaia, Spain","43.267060093618745, -2.9459771232794996",2003,,https://youtu.be/Q45mzqpbtR0,https://www.itsasmuseum.eus/en/,,vasamuseet@smtm.se,,
Museo Naval de Madrid,Madrid,Spain,Europe,"Paseo del Prado, 3. 28014, Madrid.","40.41857792139835, -3.6906736634831905",1843,,https://www.youtube.com/c/ArmadaEspa%C3%B1ola,https://armada.defensa.gob.es/ArmadaPortal/page/Portal/ArmadaEspannola/cienciaorgano/prefLang-en/01cienciamuseo,https://en.wikipedia.org/wiki/Naval_Museum_of_Madrid,museonavalmadrid@fn.mde.es,,
El Masnou Municipal Nautical Museum,Barcelona,Spain,Europe,"Carrer Josep Pujadas Truch, 1A, 08320 El Masnou, Barcelona, Spain","41.482946824125335, 2.31644145882069",1962,,,http://elmasnouterrademar.cat/en/museu-nautica.php,https://en.wikipedia.org/wiki/El_Masnou_Municipal_Nautical_Museum,museu@elmasnou.cat,,
Euskal Itsas Museoa,Gipuzkoa,Spain,Europe,"P.º del Muelle, 24, 20003 Donostia-San Sebastian, Gipuzkoa, Spain","43.3238366766637, -1.9870214577330543",1991,,https://www.youtube.com/user/UNTZIMUSEOA3,https://itsasmuseoa.eus/en/,,info@itsasmuseoa.eus,,
Museu de la Pesca,Girona,Spain,Europe,"Zona Portuària, Calle del Muelle, s/n, 17230 Palamós, Girona, Spain","41.845323861818336, 3.1273765534987654",2002,"Past, present and future of maritime fishing in the Costa Brava region  ",https://www.youtube.com/channel/UCaZkBVLIOWhxEV_7LBu2Azw,https://www.museudelapesca.org/en/,"https://en.wikipedia.org/wiki/Fishing_Museum,_Palam%C3%B3s",infomuseu@palamos.cat,,
Port Museum,Tarragona,Spain,Europe,"Moll de la Costa, s/n, 43004, Tarragona, Spain","41.11046570914763, 1.2479448507449034",2000,,https://www.youtube.com/channel/UCSSdPi5q4UjwBGwA5MsmOpQ,https://www.porttarragona.cat/en/port-city/port-museum,https://ca.wikipedia.org/wiki/Museu_del_Port_de_Tarragona,sac@porttarragona.cat,,
Museo Marítimo de Asturias,Asturias,Spain,Europe,"Calle Gijón, 6, 33440 Luanco, Asturias, Spain","43.61375889539656, -5.792541802534558",1948,,https://www.youtube.com/channel/UCx6nVduzAYiZEPdsngImV9g,https://museomaritimodeasturias.com/,https://es.wikipedia.org/wiki/Museo_Mar%C3%ADtimo_de_Asturias,museum@mail.com,,
Espai Far ,Barcelona,Spain,Europe,"Pujada Far de Sant Cristòfol, 2, 08800 Vilanova i la Geltrú, Barcelona, Spain","41.2174830245494, 1.737414922746123",2016,,https://www.youtube.com/channel/UCNcgbZIlYhXUOooqkEowl2A,https://espaifarvng.cat/en/,https://ca.wikipedia.org/wiki/Espai_Far,espaifar@vilanova.cat,,
Museu Marítim de Mallorca,Sóller,Spain,Europe,"Carrer de Santa Caterina d'Alexandria, 54, 07108 Sóller, Illes Balears, Spain","39.809290326727755, 2.7310524460076806",2017,,https://www.youtube.com/channel/UCmBEgtw_c4hQH5t3944NI6Q,https://museumaritim.conselldemallorca.cat/en/,,informaciomaritim@conselldemallorca.net,,
Maritime Museum,Lloret de Mar,Spain,Europe,"Passeig de Camprodon i Arrieta, 2, 17310 Lloret de Mar, Girona, Spain","41.700192418654986, 2.853772589371842",1981,,,,,rsanchez@lloret.cat,https://patrimoni.lloret.cat/en/moll-open-museum-of-lloret/maritime-museum,
Hoods Tower Naval Museum,Trincomalee,Sri Lanka,Asia,"naval base, Trincomalee, Sri Lanka","8.58759717975204, 81.21572708407363",,,,,https://en.wikipedia.org/wiki/Hoods_Tower_Museum,,,
National Maritime Museum,Galle,Sri Lanka,Asia,"Queens St, Galle 80000, Sri Lanka","6.290258629028432, 80.63367456418057",1992,,,http://www.museum.gov.lk/web/index.php?option=com_regionalm&task=regionalmuseum&id=8&Itemid=79&lang=en,https://en.wikipedia.org/wiki/National_Maritime_Museum_(Galle),,Reopen in 2007 after the 2004 trunami,
Marinmuseum,Karlskrona,Sweden,Europe,"371 32 Karlskrona, Sweden","56.16127658002916, 15.601598974613712",1752,,https://www.youtube.com/user/Marinmuseum,https://www.marinmuseum.se/en,https://en.wikipedia.org/wiki/Marinmuseum,marinmuseum@smtm.se,,
Maritime Museum,Stockholm,Sweden,Europe,"Djurgårdsbrunnsvägen 24, 115 27 Stockholm, Sweden",,1938,,https://www.youtube.com/channel/UCgDE1hDC0e7G_yAGPDSPAKQ,https://www.sjohistoriska.se/en/about-the-museum,https://en.wikipedia.org/wiki/Maritime_Museum_(Stockholm),sjohistoriska@smtm.se,,
Maritiman,Gothenburg,Sweden,Europe,"Packhusplatsen 12, 411 13 Göteborg, Sweden","57.709152172510215, 11.962508259796309",1987,,https://www.youtube.com/channel/UCcLkh5BfvigEI0RHIwp-L-w,https://www.maritiman.se/en,https://en.wikipedia.org/wiki/Maritiman,INFO@MARITIMAN.SE,,
Vasa Museum,Stockholm,Sweden,Europe,"Galärvarvsvägen 14, 115 21 Stockholm, Sweden","59.328526813968395, 18.091954299473304",1990,warship Vasa from 1628,https://www.youtube.com/channel/UCOpOsd0xVzgZAys0jF5dZfQ,https://www.vasamuseet.se/en,https://en.wikipedia.org/wiki/Vasa_Museum,vasamuseet@smtm.se,,
Vrak - Museum of Wrecks,Stockholm,Sweden,Europe,"Djurgårdsstrand 17, 115 21 Stockholm, Sweden","59.32641818775792, 18.09555214835798",2021,,https://www.youtube.com/channel/UCni2vEqnNC0Zkv_ZeAaD1lg,https://www.vrak.se/en/,https://en.wikipedia.org/wiki/Vrak_%E2%80%93_Museum_of_Wrecks,info@vrak.se,,
Sweden's Seamen's Shipping Office Museum,Uddevalla,Sweden,Europe,"Stora Hellevigsgatan 4, 451 40 Uddevalla, Sweden","58.34814075160963, 11.93601021149437",,,,http://www.sjomanshusmuseum.org/,,sjomanshusmuseum@telia.com,,
Maritime Museum and Aquarium,Gothenburg,Sweden,Europe,"Karl Johansgatan 1-3, 414 59 Göteborg, Sweden","57.699293594432184, 11.933546890984491",1933,,,sjofartsmuseetakvariet.se/en/,,info.sjofartsmuseum@kultur.goteborg.se,,
Foteviken Viking Museum,Höllviken,Sweden,Europe,"Museivägen 27, 236 91 Höllviken, Sweden","55.42893319597931, 12.954577420595925",1993,,https://www.youtube.com/results?search_query=fotevikens+museum,https://www.fotevikensmuseum.se/d/en,https://en.wikipedia.org/wiki/Foteviken_Museum,info@foteviken.se,,
Råå Museum,Råå,Sweden,Europe,"Museiplanen 1, 252 70 Råå, Sweden","55.99375612711605, 12.744589044417145",1937,,https://www.youtube.com/channel/UCcISlxedi6kicb5v0llFyQA,https://raamuseum.se/?lang=en,,info@raamuseum.se,,
Exhibition Transportation Hub Switzerland,Basel,Switzerland,Europe,"Westquaistrasse 2, 4057 Basel, Switzerland","47.583115210647804, 7.592876312117966",1954,,,http://hafenmuseum.ch/,,kontakt@hafenmuseum.ch,,
Evergreen Maritime Museum 長榮海事博物館,Taipei,Taiwan,Asia,"100, Taiwan, Taipei City, Zhongzheng District, Zhongshan S Rd, 11號5樓","25.039673999205068, 121.51889781534352",2008,Ship models,,https://www.evergreenmuseum.org.tw/,https://en.wikipedia.org/wiki/Evergreen_Maritime_Museum,emm@cyff.org.tw,,
Tamkang University Maritime Museum 淡江大學海事博物館,New Taipei,Taiwan,Asia,"Black Swan Exhibition Hall, No. 151, Yingzhuan Rd, Tamsui District, New Taipei City, Taiwan 251","25.17692743028925, 121.4525270518339",,,,,,,,
Yangming Museum of Marine Exploration Kaohsiung 陽明高雄海洋探索館,Kaohsiung,Taiwan,Asia,"No. 50-61, Beishan Ln, Qijin DistrictKaohsiung City, Taiwan 805","22.590961758308513, 120.29041937181371",2007,https://m.facebook.com/pg/MoMe.org.tw/videos/?ref=page_internal,https://www.facebook.com/MoMe.org.tw/,,,,,
The National Maritime Museum,Chanthaburi,Thailand,Asia,"80 Moo 8, Tha Chalaep Road Bang Kacha Mueang Chanthaburi Chanthaburi 22000","12.585642568605865, 102.06866296824519",2001,Actual-sized ancient Chinese sailing ship,,https://www.finearts.go.th/maritimemuseum,,nm_panichnavee@finearts.go.th,,
Naval Museum ,Pak Nam,Thailand,Asia,Paknam Mueang Samut Prakan Samut Prakan 10270,"13.610294643888663, 100.59693242221452",,,,https://www.museumthailand.com/en/museum/Naval-Museum,,webmaster@museumthailand.com,,
Island And Sea Natural Museum,Samaesan ,Thailand,Asia,Khok Samae San Sattahip Chon Buri 15250,"12.603428800758659, 100.9498678079387",2007,,,https://www.museumthailand.com/en/museum/THAI-ISLAND-AND-SEA-NATURE-HISTORY-MUSEUM,,museumsthailand@gmail.com,,
Naval Museum,Istanbul,Turkey,Middle East,"Deniz Müzesi Komutanlığı
Sinan Paşa Mh. Beşiktaş Cad. 6/1
Beşiktaş / İstanbul / TURKEY","41.04167745195291, 29.005368011428466","1897, latest new museum sites opened in 2013",,,https://denizmuzesi.dzkk.tsk.tr/en,https://en.wikipedia.org/wiki/Istanbul_Naval_Museum,muze.istanbul.iletisim@dzkk.tsk.tr,,
Museum of the Black Sea Fleet,Sevastopol,Ukraine/Russia,Europe,"Lenina St, 11, Sevastopol","44.61391489367852, 33.52784006720501",1869,,,https://sc.mil.ru/social/culture/museums/more.htm?id=11175@morfOrgCulture,,,,
Sharjah Maritime Museum,Al Khan - Sharjah,United Arab Emirates,Middle East,Al Khan - Sharjah - United Arab Emirates,"25.33197143851647, 55.358642677251616",2003,,https://www.youtube.com/watch?v=0hcNu7QQYt0,https://www.sharjahmuseums.ae/en-US/Museums/Sharjah-Maritime-museum,,,,
Aberdeen Maritime Museum,Aberdeen,United Kingdom,Europe,"Shiprow, Aberdeen AB11 5BY, United Kingdom","57.14709583007513, -2.0937648010560186",1984,Ship models,https://www.youtube.com/watch?v=Nq8Aieuuf3U,https://www.aberdeencity.gov.uk/AAGM/plan-your-visit/aberdeen-maritime-museum,https://en.wikipedia.org/wiki/Aberdeen_Maritime_Museum,info@aagm.co.uk,,
Chatham Historic Dockyard,Chatham,United Kingdom,Europe,"Main Gate Rd, Chatham ME4 4TZ, United Kingdom","51.397169039209636, 0.530813659791969","The original dry dock opened in 1581, guided tours at the dock started in 1970.",,https://youtu.be/Ndf_pekzuHE,https://thedockyard.co.uk/,https://en.wikipedia.org/wiki/Chatham_Historic_Dockyard,email:info@chdt.org.uk,,
Hull Maritime Museum,Hull,United Kingdom,Europe,"Queen Victoria Square, Hull HU1 3DX, United Kingdom",,1975,,https://www.youtube.com/channel/UCYrEj_6gEljV1UnddKvt_7A/featured,https://maritimehull.co.uk/projects/hull-maritime-museum,https://en.wikipedia.org/wiki/Hull_Maritime_Museum,hymc@hullcc.gov.uk,,
Lancaster Maritime Museum,Lancaster,United Kingdom,Europe,"Custom House, St George's Quay, Lancaster LA1 1RB, United Kingdom","54.054154576817794, -2.80335900213545",1985,,,https://www.lancaster.gov.uk/sport-and-leisure/museums/maritime-museum,,lancastermaritimemuseum@lancaster.gov.uk,,
Lowestoft Maritime Museum,Lowestoft,United Kingdom,Europe,"Whapload Rd, Lowestoft NR32 1UL, United Kingdom","52.48821401732881, 1.7585212682451772",1968,,,http://www.lowestoftmaritimemuseum.co.uk/,https://en.wikipedia.org/wiki/Lowestoft_Maritime_Museum,admin@lowestoftmaritimemuseum.co.uk,,
Merseyside Maritime Museum,Liverpool,United Kingdom,Europe,"Royal Albert Dock, Liverpool, United Kingdom L3 4AQ","53.40206341275623, -2.990307964009888",1980,Titanic collection,https://www.youtube.com/user/NMLWebTeam,https://www.liverpoolmuseums.org.uk/maritime-museum,https://en.wikipedia.org/wiki/Merseyside_Maritime_Museum,Francoise.McClafferty@liverpoolmuseums.org.uk,,
National Maritime Museum,Cornwall,United Kingdom,Europe,"Discovery Quay, Port Pendennis, Falmouth TR11 3QY, United Kingdom","50.23311156858376, -4.548771300340053",2003,,https://www.youtube.com/user/MaritimeCornwall,https://nmmc.co.uk/,https://en.wikipedia.org/wiki/National_Maritime_Museum_Cornwall,enquiries@nmmc.co.uk,,
National Maritime Museum,London,United Kingdom,Europe,"Romney Rd, London SE10 9NF, United Kingdom","51.481406696668614, -0.0035954169559156163",1937,,,https://www.rmg.co.uk/national-maritime-museum,https://en.wikipedia.org/wiki/National_Maritime_Museum,RMGenquiries@rmg.co.uk,,
Scottish Maritime Museum,Irvine,United Kingdom,Europe,"Linthouse Building, Harbour Rd, Irvine KA12 8BT, United Kingdom","55.60997831443586, -4.674091356120405",1991,,https://www.youtube.com/channel/UC099mRLWLQGNrVYnRX9KdGw,https://www.scottishmaritimemuseum.org/,https://en.wikipedia.org/wiki/Scottish_Maritime_Museum,denny@scotmaritime.org.uk,,
SeaCity Museum,Southampton,United Kingdom,Europe,"Havelock Rd, Southampton SO14 7FY, United Kingdom","50.90828651876498, -1.4071895777911085",2012,,https://www.youtube.com/user/SeaCityMuseum,https://seacitymuseum.co.uk/,https://seacitymuseum.co.uk/,museums@southampton.gov.uk,,
Ramsgate Maritime Museum,Ramsgate,United Kingdom,Europe,"Royal Hbr Approach, Ramsgate CT11 8LS, United Kingdom","51.331649401554564, 1.4228966670914693",2012,,,https://www.ramsgatemaritimemuseum.org/,https://en.wikipedia.org/wiki/Ramsgate_Maritime_Museum,info@ramsgatemaritimemuseum.org,,
Holyhead Maritime Museum,Holyhead,United Kingdom,Europe,"Newry Beach, Traeth, Holyhead LL65 1YD, United Kingdom","53.31674373809656, -4.6351380733107",1986,,http://www.holyheadmaritimemuseum.co.uk/index.php/museum/museum-video,http://www.holyheadmaritimemuseum.co.uk/,https://en.wikipedia.org/wiki/Holyhead_Maritime_Museum,maritimemuseumholyhead@gmail.com,,
SS Great Britain,Bristol,United Kingdom,Europe,"Great Western Dockyard, Gas Ferry Rd, Bristol BS1 6TY, United Kingdom","51.44935505260136, -2.607847902216216",2005 as museum ship,Museum ship,https://www.youtube.com/c/ssGreatBritainTrust,https://www.ssgreatbritain.org/,https://en.wikipedia.org/wiki/SS_Great_Britain,admin@ssgreatbritain.org,,
Mary Rose Museum,Portsmouth,United Kingdom,Europe,"Main Rd, HM Naval Base, Portsmouth PO1 3PY, United Kingdom","50.802296137170266, -1.108176685043864",1984,Mary Rose warship,https://www.youtube.com/user/MaryRoseMuseum,https://maryrose.org/,https://en.wikipedia.org/wiki/Mary_Rose_Museum,https://maryrose.org/your-visit/#contact,,
Brighton Fishing Museum,Brighton,United Kingdom,Europe,"201, Kings Road Arches, Brighton BN1 1NB, United Kingdom","50.820604175408064, -0.14002494817999647",1992,,,https://www.seafrontheritage.co.uk/fishing-museum,https://en.wikipedia.org/wiki/Brighton_Fishing_Museum,info@fishingquarter.co.uk,,
Cutty Sark,London,United Kingdom,Europe,"King William Walk, London SE10 9HT, United Kingdom","51.4834525566095, -0.008561731761630914",1954,Museum ship,https://www.youtube.com/watch?v=fAm9J_6ghVA,https://www.rmg.co.uk/cutty-sark,https://en.wikipedia.org/wiki/Cutty_Sark,vasamuseet@smtm.se,,
Scottish Fisheries Museum,Anstruther,United Kingdom,Europe,"St Ayles, Harbourhead, Cellardyke, Anstruther KY10 3AB, United Kingdom","56.22637430445376, -2.6809001322991812",1969,historic vessels,https://www.youtube.com/user/scotfishmuseum,https://www.scotfishmuseum.org/,https://en.wikipedia.org/wiki/Scottish_Fisheries_Museumv,enquiries@scotfishmuseum.org,,
The Dock Museum,Barrow-in-Furness,United Kingdom,Europe,"Barrow-in-Furness LA14 2PW, United Kingdom","54.112051933483606, -3.2397069040142763",1907,,,https://dockmuseum.org.uk/,https://en.wikipedia.org/wiki/Dock_Museum,dockmuseum@barrowbc.gov.uk,,
Fleetwood Museum,Fleetwood,United Kingdom,Europe,"6-7 Queen's Ter, Fleetwood FY7 6BT, United Kingdom","53.92532151949888, -3.0022370725387693",1992,,https://youtu.be/nv1BemNK-gs,https://www.fleetwoodmuseum.co.uk/,https://en.wikipedia.org/wiki/Fleetwood_Museum,info@fleetwoodmuseum.co.uk,,
Royal Navy Submarine Museum,Gosport,United Kingdom,Europe,"Haslar, Jetty Road, Gosport PO12 2AS, United Kingdom","50.788866229732676, -1.1173644021502005",1963,,https://youtu.be/erxt3uc2WbY,https://www.nmrn.org.uk/our-museum/submarine,https://en.wikipedia.org/wiki/Royal_Navy_Submarine_Museum,enquiries@nmrn.org.uk,,
"Windermere Jetty: Museum of Boats, Steam and Stories",Windermere,United Kingdom,Europe,"Rayrigg Rd, Bowness-on-Windermere, Windermere LA23 1BN, United Kingdom","54.37121519450252, -2.9192587487175468",1977,,,https://lakelandarts.org.uk/windermere-jetty-museum/?utm_source=googlemybusiness&utm_medium=organic&utm_campaign=googlemybusiness,"https://en.wikipedia.org/wiki/Windermere_Jetty:_Museum_of_Boats,_Steam_and_Stories",info@windermerejetty.org.uk,,
The Shipwreck Treasure Museum,Cornwall,United Kingdom,Europe,"Quay Rd, Charlestown Rd, Saint Austell PL25 3NJ, United Kingdom","50.3336239438944, -4.754994394209793",1976,,https://m.facebook.com/pg/CharlestownShipwreckHeritageCentre/videos/?ref=page_internal&mt_nav=0,https://www.shipwreckcharlestown.co.uk/,https://en.wikipedia.org/wiki/Charlestown_Shipwreck_%26_Heritage_Centre,info@shipwreckcharlestown.com,,
Devonport Naval Heritage Site and Visitor Centre,Plymouth,United Kingdom,Europe,"Vivid Approach, Off Granby Wy., Devonport, Plymouth PL1 4RW, United Kingdom","50.371152219936825, -4.178818879404078",,decomissioned submarine ‘Courageous’,,https://devonportnhc.wordpress.com/,https://en.wikipedia.org/wiki/Devonport_Naval_Heritage_Centre,NavyNbcd-Book1@mod.gov.uk,,
Shipwreck Centre & Maritime Museum,Arreton,United Kingdom,Europe,"Arreton Barns Craft Village, Arreton PO30 3AA, United Kingdom","50.67916705648186, -1.2421443725387697",1978,,https://www.youtube.com/channel/UCWnLs8dpBLsQYSD5J5Sy7ZQ,https://museum.maritimearchaeologytrust.org/,,museum@maritimearchaeologytrust.org,,
Buckler's Hard Maritime Museum,Brockenhurst,United Kingdom,Europe,"Bucklers Hard, Beaulieu, Brockenhurst SO42 7XB, United Kingdom","50.8126712877088, -1.4168539559980506",1963,,https://youtu.be/KIYmFz8tqQQ,https://www.bucklershard.co.uk/attractions/maritime-museum/,,https://www.bucklershard.co.uk/contact-us/,,
Maryport Maritime Museum,Maryport,United Kingdom,Europe,"1 Senhouse St, Maryport CA15 6AB, United Kingdom","54.71476329017766, -3.49907250161265",1975,,https://www.youtube.com/watch?v=6XBo208IL7s,http://www.maryportmaritimemuseum.com/,,maritime.maryport@gmail.com,,
North Devon Maritime Museum,Appledore,United Kingdom,Europe,"5 Odun Rd, Appledore, Bideford EX39 1PT, United Kingdom","51.053040112376614, -4.193088616418365",1977,ship models,,https://northdevonmaritimemuseum.co.uk/,https://en.wikipedia.org/wiki/North_Devon_Maritime_Museum,info@northdevonmaritimemuseum.co.uk,,
Porthmadog Maritime Museum,Porthmadog,United Kingdom,Europe,"The Harbour, Porthmadog LL49 9LU, United Kingdom","52.92483967147943, -4.128808007940408",,,,https://portmm.org/,,contact@portmm.org,,
Poole Museum ,Poole,United Kingdom,Europe,"4 High St, Poole BH15 1BW, United Kingdom","50.712700664451525, -1.9883832808571493",1989,Poole lagboat,https://www.youtube.com/c/PooleMuseum,http://www.poolemuseum.org.uk/,https://en.wikipedia.org/wiki/Poole_Museum,museums@bcpcouncil.gov.uk,,
Museum of Oceanography,Nha Trang,Vietnam,Asia,"Số 1, Cầu Đá, Thành phố Nha Trang, Khánh Hòa 650000, Vietnam","12.208064023624072, 109.21689550580327",1922,,https://www.youtube.com/channel/UCqyOxUunO76QdmryUFkn-dA,https://baotanghdh.vn/en/,,mail@vnio.org.vn,,
Ancient Boat Museum of Quanzhou Bay 泉州湾古船陈列馆,Quanzhou,China,Asia,"China, Fujian, Quanzhou, Licheng District, Quanzhou, 西街176号","24.91456127979912, 118.58878900659143",1991,Shipwreck of Quanzhou bay,http://flv4mp4.people.com.cn/videofile7/pvmsvideo/2022/1/14/FuJianLinDongXiao_03338627ce8ecd62f2bdee95cf34691c.mp4,,,,,
Penglai Ancient Ship Museum 蓬莱古船博物馆,Yantai,China,Asia,"No. 1Beiguan Road, Penglai, Yantai, Shandong, China山东省烟台市蓬莱区北关路1号","37.82024520797903, 120.75361858114874",2012,Ancient ships and cultural relics from the Yuan (1271-1368) and Ming (1368-1644) dynasties,,,,,,
